-- phpMyAdmin SQL Dump
-- version 5.2.1
-- https://www.phpmyadmin.net/
--
-- Host: 127.0.0.1
-- Generation Time: Nov 30, 2023 at 03:36 PM
-- Server version: 10.4.28-MariaDB
-- PHP Version: 8.2.4

SET
SQL_MODE = "NO_AUTO_VALUE_ON_ZERO";
START TRANSACTION;
SET
time_zone = "+00:00";


/*!40101 SET @OLD_CHARACTER_SET_CLIENT=@@CHARACTER_SET_CLIENT */;
/*!40101 SET @OLD_CHARACTER_SET_RESULTS=@@CHARACTER_SET_RESULTS */;
/*!40101 SET @OLD_COLLATION_CONNECTION=@@COLLATION_CONNECTION */;
/*!40101 SET NAMES utf8mb4 */;

--
-- Database: `sala_super_db`
--

-- --------------------------------------------------------

--
-- Table structure for table `category`
--

CREATE TABLE `category`
(
  `catid`    int(11) NOT NULL,
  `category` varchar(200) NOT NULL
) ENGINE=InnoDB DEFAULT CHARSET=utf8mb4 COLLATE=utf8mb4_general_ci;

--
-- Dumping data for table `category`
--

INSERT INTO `category` (`catid`, `category`)
VALUES (24, 'Cosmetic'),
       (25, 'Grocery'),
       (26, 'Stationary');

-- --------------------------------------------------------

--
-- Table structure for table `incoming_stock`
--

CREATE TABLE `incoming_stock`
(
  `id`            int(11) NOT NULL,
  `pid`           int(11) NOT NULL,
  `stock`         float    NOT NULL,
  `purchaseprice` float    NOT NULL,
  `saleprice`     float    NOT NULL,
  `date_time`     datetime NOT NULL
) ENGINE=InnoDB DEFAULT CHARSET=utf8mb4 COLLATE=utf8mb4_general_ci;

--
-- Dumping data for table `incoming_stock`
--

INSERT INTO `incoming_stock` (`id`, `pid`, `stock`, `purchaseprice`, `saleprice`, `date_time`)
VALUES (22, 22, 150, 126, 145, '2023-09-05 14:32:20'),
       (23, 23, 144, 136, 145, '2023-09-05 14:35:24'),
       (24, 24, 180, 100, 130, '2023-09-05 14:37:59'),
       (25, 25, 144, 140, 160, '2023-09-05 14:39:37'),
       (26, 26, 90, 116, 130, '2023-09-05 14:40:48'),
       (27, 27, 180, 118, 125, '2023-09-05 14:41:32'),
       (28, 28, 144, 140, 160, '2023-09-05 14:42:55'),
       (29, 29, 144, 105, 125, '2023-09-05 14:45:47'),
       (30, 30, 144, 105, 125, '2023-09-05 14:46:55'),
       (31, 31, 144, 105, 125, '2023-09-05 14:47:35'),
       (32, 32, 144, 105, 125, '2023-09-05 14:49:55'),
       (33, 33, 144, 105, 125, '2023-09-05 14:50:45'),
       (34, 34, 147, 149.66, 160, '2023-09-05 14:52:27'),
       (35, 35, 36, 395, 420, '2023-09-05 14:55:57'),
       (36, 36, 120, 142.17, 150, '2023-09-05 14:57:06'),
       (37, 37, 144, 65, 70, '2023-09-05 14:58:32'),
       (38, 38, 48, 169, 180, '2023-09-05 14:59:46'),
       (39, 39, 288, 37.45, 40, '2023-09-05 15:00:39'),
       (40, 40, 48, 174, 185, '2023-09-05 15:02:26'),
       (41, 41, 32, 328, 350, '2023-09-05 15:06:28'),
       (42, 42, 18, 215, 250, '2023-09-05 15:08:56'),
       (43, 43, 12, 262, 310, '2023-09-05 15:09:45'),
       (44, 44, 20, 255, 300, '2023-09-05 15:14:08'),
       (45, 45, 72, 112, 140, '2023-09-05 15:15:34'),
       (46, 46, 60, 114, 125, '2023-09-05 15:17:19'),
       (47, 47, 60, 183, 200, '2023-09-05 15:18:15'),
       (48, 48, 24, 245, 275, '2023-09-05 15:22:31'),
       (49, 49, 30, 200, 260, '2023-09-05 15:25:08'),
       (50, 50, 24, 186.5, 230, '2023-09-05 15:26:37'),
       (51, 51, 120, 109, 120, '2023-09-05 15:28:02'),
       (52, 52, 48, 223, 265, '2023-09-05 15:29:08'),
       (53, 53, 24, 403, 480, '2023-09-05 15:29:49'),
       (54, 54, 17, 130, 140, '2023-09-05 15:32:11'),
       (55, 55, 4, 267, 285, '2023-09-05 15:43:58'),
       (56, 56, 12, 252, 360, '2023-09-05 15:45:00'),
       (57, 57, 6, 325, 340, '2023-09-05 15:47:32'),
       (59, 59, 12, 310, 335, '2023-09-05 15:49:39'),
       (61, 61, 12, 141, 150, '2023-09-05 15:57:28'),
       (62, 62, 5, 141, 150, '2023-09-05 15:58:14'),
       (63, 63, 7, 141, 150, '2023-09-05 15:58:39'),
       (64, 64, 15, 134, 145, '2023-09-05 16:02:32'),
       (65, 65, 9, 134, 145, '2023-09-05 16:03:14'),
       (66, 66, 36, 121, 130, '2023-09-05 16:04:32'),
       (67, 67, 4, 277, 300, '2023-09-05 16:07:05'),
       (68, 68, 8, 277, 300, '2023-09-05 16:07:31'),
       (69, 69, 36, 122, 150, '2023-09-05 16:13:13'),
       (70, 70, 12, 122, 150, '2023-09-05 16:15:18'),
       (71, 71, 24, 122, 150, '2023-09-05 16:16:18'),
       (72, 72, 400, 10.5, 19.75, '2023-09-05 16:19:53'),
       (73, 73, 720, 15.2083, 20, '2023-09-05 16:24:35'),
       (74, 74, 10, 1550, 1650, '2023-09-05 16:27:23'),
       (75, 75, 3, 1045, 1100, '2023-09-05 16:28:28'),
       (76, 76, 40, 150, 300, '2023-09-05 16:31:09'),
       (77, 77, 240, 22, 25, '2023-09-05 16:35:06'),
       (78, 78, 24, 300, 335, '2023-09-05 16:35:46'),
       (79, 79, 360, 18.55, 20, '2023-09-05 16:37:01'),
       (80, 80, 18, 399, 430, '2023-09-05 16:38:16'),
       (81, 81, 100, 112, 120, '2023-09-05 16:39:00'),
       (82, 82, 100, 110, 120, '2023-09-05 16:40:42'),
       (83, 83, 120, 27, 30, '2023-09-05 16:44:36'),
       (84, 84, 18, 430, 440, '2023-09-05 17:21:03'),
       (85, 85, 36, 206, 220, '2023-09-05 17:33:57'),
       (86, 86, 50, 205, 220, '2023-09-05 17:34:45'),
       (87, 87, 12, 854, 880, '2023-09-05 17:37:55'),
       (88, 88, 72, 83, 90, '2023-09-05 17:39:44'),
       (89, 89, 50, 128, 160, '2023-09-05 17:41:49'),
       (90, 90, 50, 88, 110, '2023-09-05 17:44:27'),
       (91, 91, 50, 104, 130, '2023-09-05 17:45:33'),
       (92, 92, 50, 144, 180, '2023-09-05 17:50:56'),
       (93, 93, 50, 136, 170, '2023-09-05 17:52:16'),
       (94, 94, 72, 136, 140, '2023-09-05 17:58:02'),
       (95, 95, 80, 28.5, 30, '2023-09-05 17:59:45'),
       (96, 96, 12, 750, 790, '2023-09-05 18:10:21'),
       (97, 97, 39, 460, 490, '2023-09-05 18:13:10'),
       (98, 98, 40, 785, 830, '2023-09-05 18:15:45'),
       (99, 99, 48, 530.75, 550, '2023-09-05 18:19:15'),
       (100, 100, 40, 595, 620, '2023-09-05 18:23:19'),
       (101, 101, 36, 1042.2, 1080, '2023-09-05 18:25:40'),
       (102, 102, 36, 1042.2, 1080, '2023-09-05 18:26:28'),
       (103, 103, 12, 1300, 1350, '2023-09-05 18:30:46'),
       (104, 104, 50, 200, 220, '2023-09-05 18:53:15'),
       (105, 105, 450, 66, 70, '2023-09-05 18:56:56'),
       (106, 106, 80, 115, 130, '2023-09-05 19:02:45'),
       (107, 107, 450, 57.9, 60, '2023-09-05 19:09:45'),
       (108, 108, 48, 355, 410, '2023-09-05 19:14:17'),
       (109, 109, 18, 250, 525, '2023-09-05 19:24:35'),
       (110, 110, 12, 1208, 1250, '2023-09-05 19:31:46'),
       (111, 111, 10, 270, 300, '2023-09-05 19:37:04'),
       (112, 112, 72, 380, 625, '2023-09-05 19:40:02'),
       (113, 113, 1440, 3.333, 4.166, '2023-09-05 19:47:22'),
       (114, 114, 15, 350, 370, '2023-09-05 19:59:18'),
       (115, 115, 15, 190, 230, '2023-09-05 20:02:32'),
       (116, 116, 36, 82, 85, '2023-09-05 20:07:20'),
       (117, 117, 60, 33, 35, '2023-09-05 20:10:28'),
       (118, 118, 20, 575, 620, '2023-09-05 20:26:23'),
       (119, 119, 50, 115, 130, '2023-09-05 20:33:31'),
       (120, 120, 12, 219, 250, '2023-09-05 20:39:34'),
       (121, 121, 112, 47.143, 50, '2023-09-05 20:46:44'),
       (122, 122, 20, 175, 400, '2023-09-05 20:53:50'),
       (123, 123, 120, 85, 200, '2023-09-05 20:59:33'),
       (124, 124, 120, 114, 130, '2023-09-05 21:03:22'),
       (125, 125, 120, 103, 125, '2023-09-05 21:28:05'),
       (126, 126, 120, 89, 100, '2023-09-05 21:29:05'),
       (127, 127, 120, 120, 150, '2023-09-05 21:32:41'),
       (128, 128, 60, 281.82, 310, '2023-09-05 21:36:27'),
       (129, 129, 25, 255, 400, '2023-09-05 21:53:17'),
       (130, 130, 25, 230, 500, '2023-09-05 21:54:08'),
       (131, 131, 1, 6250, 10250, '2023-09-05 21:55:08'),
       (132, 132, 5, 850, 1650, '2023-09-05 22:09:25'),
       (133, 133, 5, 850, 1650, '2023-09-05 22:10:53'),
       (136, 136, 1000, 0.95, 2, '2023-09-05 22:57:18'),
       (137, 137, 275, 190, 220, '2023-09-06 00:25:00'),
       (139, 139, 175, 185, 210, '2023-09-06 00:28:55'),
       (141, 141, 50, 215, 230, '2023-09-06 00:34:52'),
       (142, 142, 5, 220, 350, '2023-09-06 00:39:06'),
       (143, 143, 2, 292, 700, '2023-09-06 00:42:34'),
       (144, 144, 2, 220, 500, '2023-09-06 00:43:44'),
       (145, 145, 48, 118, 125, '2023-09-06 02:35:34'),
       (146, 146, 72, 56, 60, '2023-09-06 03:23:09'),
       (147, 147, 4, 312.889, 440, '2023-09-06 17:16:26'),
       (148, 148, 4, 312.889, 440, '2023-09-06 17:22:42'),
       (149, 149, 4, 312.889, 440, '2023-09-06 18:38:32'),
       (150, 150, 4, 312.889, 440, '2023-09-06 18:40:21'),
       (151, 151, 4, 312.889, 440, '2023-09-06 18:41:33'),
       (152, 152, 4, 312.889, 440, '2023-09-06 18:42:34'),
       (153, 153, 3, 312.889, 440, '2023-09-06 18:43:50'),
       (154, 154, 6, 473.143, 690, '2023-09-06 18:47:00'),
       (155, 155, 6, 473.143, 690, '2023-09-06 18:49:53'),
       (156, 156, 6, 473.143, 690, '2023-09-06 18:51:39'),
       (157, 157, 6, 473.143, 690, '2023-09-06 18:54:01'),
       (158, 158, 6, 473.143, 690, '2023-09-06 18:59:01'),
       (159, 159, 6, 473.143, 690, '2023-09-06 19:01:42'),
       (160, 160, 6, 473.143, 690, '2023-09-06 19:16:51'),
       (161, 161, 2, 708, 885, '2023-09-06 19:31:27'),
       (162, 162, 2, 552, 690, '2023-09-06 19:35:01'),
       (163, 163, 2, 504, 630, '2023-09-06 19:37:11'),
       (164, 164, 4, 504, 630, '2023-09-06 19:38:24'),
       (165, 165, 2, 600, 750, '2023-09-06 19:40:49'),
       (166, 166, 3, 248, 310, '2023-09-06 19:43:48'),
       (167, 167, 3, 328, 410, '2023-09-06 19:45:21'),
       (168, 168, 2, 768, 960, '2023-09-06 19:47:27'),
       (169, 169, 1, 768, 960, '2023-09-06 19:49:26'),
       (170, 170, 3, 328, 410, '2023-09-06 19:51:52'),
       (171, 171, 3, 552, 690, '2023-09-06 19:52:58'),
       (172, 172, 2, 472, 590, '2023-09-06 19:55:28'),
       (173, 173, 2, 708, 885, '2023-09-06 19:57:19'),
       (174, 174, 2, 708, 885, '2023-09-06 19:59:07'),
       (175, 175, 6, 156, 195, '2023-09-06 20:08:41'),
       (176, 176, 3, 312, 390, '2023-09-06 20:14:12'),
       (177, 177, 2, 336, 420, '2023-09-06 20:17:45'),
       (178, 178, 2, 336, 420, '2023-09-06 20:19:51'),
       (179, 179, 2, 360, 450, '2023-09-06 20:21:28'),
       (180, 180, 2, 360, 450, '2023-09-06 20:26:37'),
       (181, 181, 2, 312, 390, '2023-09-06 20:30:53'),
       (182, 182, 10, 40, 50, '2023-09-06 21:11:40'),
       (183, 183, 5, 80, 100, '2023-09-06 21:13:39'),
       (184, 184, 5, 128, 160, '2023-09-06 21:16:00'),
       (185, 185, 5, 256, 320, '2023-09-06 21:19:08'),
       (186, 186, 5, 80, 100, '2023-09-06 21:23:18'),
       (187, 187, 5, 120, 150, '2023-09-06 21:24:21'),
       (188, 188, 5, 96, 120, '2023-09-06 21:27:08'),
       (189, 189, 5, 80, 100, '2023-09-06 21:28:16'),
       (190, 190, 5, 80, 100, '2023-09-06 21:30:15'),
       (191, 191, 5, 80, 100, '2023-09-06 21:31:28'),
       (192, 192, 5, 176, 220, '2023-09-06 21:32:57'),
       (193, 193, 10, 88, 110, '2023-09-06 21:34:56'),
       (194, 194, 5, 176, 220, '2023-09-06 21:37:32'),
       (195, 195, 10, 40, 50, '2023-09-06 21:40:40'),
       (196, 196, 10, 88, 110, '2023-09-06 21:41:45'),
       (197, 197, 10, 40, 50, '2023-09-06 21:52:36'),
       (198, 198, 5, 96, 120, '2023-09-06 21:54:13'),
       (199, 199, 5, 96, 120, '2023-09-06 21:56:36'),
       (200, 200, 5, 176, 220, '2023-09-06 21:58:10'),
       (201, 201, 5, 176, 220, '2023-09-06 21:59:59'),
       (202, 202, 3, 200, 250, '2023-09-06 22:02:26'),
       (203, 203, 10, 40, 50, '2023-09-06 22:04:04'),
       (204, 204, 5, 176, 220, '2023-09-06 22:06:00'),
       (205, 205, 5, 207, 230, '2023-09-06 22:34:54'),
       (206, 206, 2, 207, 230, '2023-09-06 22:36:22'),
       (207, 207, 2, 207, 230, '2023-09-06 22:37:17'),
       (208, 208, 2, 207, 230, '2023-09-06 22:38:33'),
       (209, 209, 5, 207, 230, '2023-09-06 22:39:22'),
       (210, 210, 3, 207, 230, '2023-09-06 22:40:10'),
       (211, 211, 5, 144, 160, '2023-09-06 22:41:15'),
       (212, 212, 3, 347.78, 385, '2023-09-06 22:18:36'),
       (213, 213, 3, 347.52, 380, '2023-09-06 22:19:55'),
       (214, 214, 3, 201.21, 220, '2023-09-06 22:20:37'),
       (215, 215, 3, 348.21, 385, '2023-09-06 22:21:24'),
       (216, 216, 3, 136.52, 150, '2023-09-06 22:22:27'),
       (217, 217, 3, 145.27, 160, '2023-09-06 22:23:24'),
       (218, 218, 5, 112.5, 125, '2023-09-06 22:31:24'),
       (219, 219, 3, 112.5, 125, '2023-09-06 22:34:31'),
       (220, 220, 1, 112.5, 125, '2023-09-06 22:35:35'),
       (221, 221, 15, 52.82, 60, '2023-09-06 22:41:37'),
       (222, 222, 3, 194.36, 215, '2023-09-06 22:44:11'),
       (223, 223, 12, 90, 100, '2023-09-06 22:48:50'),
       (224, 224, 12, 90, 100, '2023-09-06 22:53:18'),
       (225, 221, 1, 0, 60, '2023-09-06 22:54:45'),
       (226, 225, 3, 685, 840, '2023-11-11 00:29:44'),
       (227, 226, 3, 685, 840, '2023-11-11 00:30:32'),
       (228, 227, 20, 78, 95, '2023-11-11 00:31:16'),
       (229, 228, 20, 156, 190, '2023-11-11 00:32:02'),
       (230, 229, 8, 390, 475, '2023-11-11 00:32:39'),
       (231, 230, 20, 71, 85, '2023-11-11 00:33:37'),
       (232, 231, 10, 142, 170, '2023-11-11 00:34:15'),
       (233, 232, 20, 78, 95, '2023-11-11 00:35:26'),
       (234, 233, 10, 156, 190, '2023-11-11 00:36:05'),
       (235, 234, 4, 390, 475, '2023-11-11 00:36:36'),
       (236, 235, 20, 98.5, 115, '2023-11-11 00:37:54'),
       (237, 236, 10, 192, 225, '2023-11-11 00:38:26'),
       (238, 237, 20, 85.5, 100, '2023-11-11 00:39:45'),
       (239, 238, 20, 112.5, 135, '2023-11-11 00:40:31'),
       (240, 239, 10, 225, 270, '2023-11-11 00:41:04'),
       (241, 240, 5, 384, 450, '2023-11-11 00:41:41'),
       (242, 241, 20, 96, 110, '2023-11-11 00:42:40'),
       (243, 242, 10, 188.5, 215, '2023-11-11 00:43:38'),
       (244, 243, 5, 377, 430, '2023-11-11 00:44:25'),
       (245, 244, 10, 68.5, 80, '2023-11-11 00:45:34'),
       (246, 245, 10, 144.75, 170, '2023-11-11 00:46:19'),
       (247, 246, 5, 234, 280, '2023-11-11 00:47:08'),
       (248, 247, 5, 209, 250, '2023-11-11 00:47:45'),
       (249, 248, 10, 123.5, 140, '2023-11-11 00:49:25'),
       (250, 249, 24, 429, 490, '2023-11-11 01:09:25'),
       (251, 250, 4, 473, 540, '2023-11-11 01:10:58'),
       (252, 251, 4, 473, 540, '2023-11-11 01:11:47'),
       (253, 252, 2, 473, 540, '2023-11-11 01:12:30'),
       (254, 253, 2, 473, 540, '2023-11-11 01:13:19'),
       (255, 254, 12, 104, 120, '2023-11-11 01:14:08'),
       (256, 255, 18, 106.26, 120, '2023-11-11 01:15:30'),
       (257, 255, 2, 0, 120, '2023-11-11 01:15:43'),
       (258, 256, 18, 106.26, 120, '2023-11-11 01:16:28'),
       (259, 257, 12, 106.26, 120, '2023-11-11 01:38:34'),
       (260, 258, 12, 106.26, 120, '2023-11-11 01:39:01'),
       (261, 259, 12, 106.26, 120, '2023-11-11 01:39:40'),
       (262, 260, 48, 86.68, 100, '2023-11-11 01:40:35'),
       (263, 260, 4, 0, 100, '2023-11-11 01:40:47'),
       (264, 261, 48, 86.68, 100, '2023-11-11 01:41:43'),
       (265, 262, 12, 178.05, 200, '2023-11-11 02:06:14'),
       (266, 263, 6, 113.69, 140, '2023-11-11 02:07:20'),
       (267, 264, 3, 302.86, 350, '2023-11-11 02:11:00'),
       (268, 265, 3, 338.41, 400, '2023-11-11 02:18:10'),
       (269, 266, 3, 133.72, 150, '2023-11-11 02:19:10'),
       (270, 267, 10, 283.81, 330, '2023-11-11 02:20:00'),
       (271, 268, 10, 296.75, 340, '2023-11-11 02:20:49'),
       (272, 269, 3, 212.04, 250, '2023-11-11 02:22:39'),
       (273, 270, 3, 214.59, 250, '2023-11-11 02:23:40'),
       (274, 271, 3, 214.59, 250, '2023-11-11 02:24:06'),
       (275, 272, 12, 113, 130, '2023-11-11 02:25:41'),
       (276, 273, 12, 113, 130, '2023-11-11 02:26:20'),
       (277, 274, 33, 52, 60, '2023-11-11 02:42:22'),
       (278, 275, 33, 52, 60, '2023-11-11 02:43:13'),
       (279, 276, 6, 208.83, 240, '2023-11-11 02:48:15'),
       (280, 277, 12, 208.83, 240, '2023-11-11 02:50:45'),
       (281, 278, 18, 69.22, 80, '2023-11-11 02:53:02'),
       (282, 279, 3, 428, 490, '2023-11-11 02:54:56'),
       (283, 280, 15, 126, 140, '2023-11-11 03:48:26'),
       (284, 281, 15, 180, 200, '2023-11-11 03:51:49'),
       (285, 282, 3, 270, 300, '2023-11-11 03:53:27'),
       (286, 283, 9, 424.8, 480, '2023-11-11 03:55:15'),
       (287, 284, 15, 81, 90, '2023-11-11 03:58:12'),
       (288, 285, 15, 108, 120, '2023-11-11 04:00:38'),
       (289, 286, 16, 207, 230, '2023-11-11 04:02:51'),
       (290, 287, 8, 297, 330, '2023-11-11 04:04:50'),
       (291, 288, 12, 162, 180, '2023-11-11 17:39:17'),
       (292, 289, 12, 117, 130, '2023-11-11 17:40:42'),
       (293, 290, 15, 225, 250, '2023-11-11 17:41:43'),
       (294, 291, 12, 117, 130, '2023-11-11 17:42:54'),
       (295, 292, 15, 225, 250, '2023-11-11 17:43:48'),
       (296, 293, 60, 78.75, 90, '2023-11-11 17:45:24'),
       (297, 294, 12, 135, 150, '2023-11-11 17:46:16'),
       (298, 295, 12, 45, 50, '2023-11-11 17:48:04'),
       (299, 296, 12, 72, 80, '2023-11-11 17:49:41'),
       (300, 297, 12, 112.45, 130, '2023-11-11 17:50:45'),
       (301, 298, 12, 207.6, 240, '2023-11-11 17:52:06'),
       (302, 299, 12, 96.8, 110, '2023-11-11 17:53:22'),
       (303, 300, 12, 193.6, 220, '2023-11-11 17:59:55'),
       (304, 301, 12, 207, 230, '2023-11-11 18:02:24'),
       (305, 302, 12, 198, 220, '2023-11-11 18:03:42'),
       (306, 303, 6, 171, 190, '2023-11-11 18:04:56'),
       (307, 304, 6, 117, 130, '2023-11-11 18:06:04'),
       (308, 305, 12, 216, 240, '2023-11-11 18:06:56'),
       (309, 306, 12, 108, 120, '2023-11-11 18:08:41'),
       (310, 307, 12, 207, 230, '2023-11-11 18:09:40'),
       (311, 308, 3, 342, 380, '2023-11-11 18:14:34'),
       (312, 309, 3, 360, 400, '2023-11-11 18:16:05'),
       (313, 310, 2, 630, 700, '2023-11-11 18:17:42'),
       (314, 311, 20, 287.1, 330, '2023-11-11 18:19:10'),
       (315, 312, 6, 360, 400, '2023-11-11 18:20:14'),
       (316, 313, 8, 354.65, 410, '2023-11-11 18:21:35'),
       (317, 314, 12, 90, 100, '2023-11-11 18:22:52'),
       (318, 315, 48, 35.2, 40, '2023-11-11 18:24:45'),
       (319, 316, 48, 35.2, 40, '2023-11-11 18:25:37'),
       (320, 317, 9, 180, 200, '2023-11-11 18:35:47'),
       (321, 318, 12, 156.347, 175, '2023-11-11 18:39:51'),
       (322, 319, 2, 1061.54, 1490, '2023-11-11 18:40:53'),
       (323, 320, 1, 1061.54, 1490, '2023-11-11 18:41:33'),
       (324, 321, 5, 596.667, 750, '2023-11-11 18:42:56'),
       (325, 322, 12, 27.273, 30, '2023-11-11 18:44:29'),
       (326, 322, 1, 0, 30, '2023-11-11 18:44:47'),
       (327, 323, 28, 40.098, 50, '2023-11-11 18:45:58'),
       (328, 324, 5, 508.6, 580, '2023-11-11 18:48:08'),
       (329, 325, 12, 160.492, 175, '2023-11-11 18:49:42'),
       (330, 326, 12, 160.492, 175, '2023-11-11 18:50:45'),
       (331, 327, 3, 136.363, 150, '2023-11-11 18:51:57'),
       (332, 328, 6, 136.363, 150, '2023-11-11 18:52:32'),
       (333, 329, 3, 354.547, 390, '2023-11-11 18:53:53'),
       (334, 330, 3, 354.547, 390, '2023-11-11 18:54:47'),
       (335, 331, 6, 386.363, 425, '2023-11-11 18:56:21'),
       (336, 332, 6, 598.142, 650, '2023-11-11 18:58:13'),
       (337, 333, 48, 69.936, 80, '2023-11-11 18:59:51'),
       (338, 334, 24, 259.091, 285, '2023-11-11 19:01:37'),
       (339, 335, 24, 181.818, 200, '2023-11-11 19:02:40'),
       (340, 336, 24, 104.545, 115, '2023-11-11 19:03:54'),
       (341, 337, 2, 1600, 2000, '2023-11-11 19:06:19'),
       (342, 338, 2, 1600, 2000, '2023-11-11 19:07:01'),
       (343, 339, 2, 1423.79, 1700, '2023-11-11 19:08:38'),
       (344, 340, 2, 1423.79, 1700, '2023-11-11 19:10:08'),
       (345, 341, 2, 1423.79, 1700, '2023-11-11 23:05:44'),
       (346, 342, 5, 401.64, 490, '2023-11-11 23:08:22'),
       (347, 343, 5, 401.64, 490, '2023-11-11 23:09:26'),
       (348, 344, 2, 412.555, 460, '2023-11-11 23:11:28'),
       (349, 345, 2, 412.555, 460, '2023-11-11 23:12:27'),
       (350, 346, 2, 410.47, 470, '2023-11-11 23:14:42'),
       (351, 347, 2, 200.875, 230, '2023-11-11 23:15:18'),
       (352, 348, 6, 305.676, 350, '2023-11-11 23:19:49'),
       (353, 349, 5, 421.524, 470, '2023-11-11 23:22:18'),
       (354, 350, 3, 780.27, 870, '2023-11-11 23:26:06'),
       (355, 351, 5, 439.462, 490, '2023-11-11 23:30:43'),
       (356, 352, 5, 439.462, 490, '2023-11-11 23:32:09'),
       (357, 353, 3, 807.173, 900, '2023-11-11 23:33:35'),
       (358, 354, 48, 340.909, 375, '2023-11-11 23:41:14'),
       (359, 355, 24, 113.636, 125, '2023-11-11 23:42:42'),
       (360, 356, 24, 113.636, 125, '2023-11-11 23:43:46'),
       (361, 357, 3, 314.41, 360, '2023-11-11 23:45:12'),
       (362, 358, 3, 314.41, 360, '2023-11-11 23:46:03'),
       (363, 359, 3, 314.41, 360, '2023-11-11 23:46:48'),
       (364, 360, 3, 314.41, 360, '2023-11-11 23:47:40'),
       (365, 361, 6, 157.205, 180, '2023-11-11 23:48:56'),
       (366, 362, 5, 157.205, 180, '2023-11-11 23:49:52'),
       (367, 363, 24, 259.091, 285, '2023-11-12 10:24:40'),
       (368, 364, 5, 250, 300, '2023-11-12 10:27:00'),
       (369, 365, 1, 698.69, 800, '2023-11-12 10:32:07'),
       (370, 366, 2, 698.69, 800, '2023-11-12 10:33:05'),
       (371, 367, 2, 698.69, 800, '2023-11-12 10:33:50'),
       (372, 368, 3, 666.66, 800, '2023-11-12 10:35:13'),
       (373, 369, 5, 416.66, 500, '2023-11-12 10:36:15'),
       (374, 370, 5, 269.05, 300, '2023-11-12 10:38:39'),
       (375, 371, 5, 313.9, 350, '2023-11-12 10:40:13'),
       (376, 372, 5, 313.9, 350, '2023-11-12 10:40:45'),
       (377, 373, 3, 333.33, 400, '2023-11-12 10:42:28'),
       (378, 374, 5, 416.66, 500, '2023-11-12 10:43:47'),
       (379, 375, 2, 502.18, 575, '2023-11-12 10:44:56'),
       (380, 376, 2, 502.18, 575, '2023-11-12 10:45:39'),
       (381, 377, 2, 502.18, 575, '2023-11-12 10:46:11'),
       (382, 378, 2, 502.18, 575, '2023-11-12 10:46:40'),
       (383, 379, 3, 314.41, 360, '2023-11-12 10:47:41'),
       (384, 380, 3, 314.41, 360, '2023-11-12 10:48:14'),
       (385, 381, 3, 314.41, 360, '2023-11-12 10:48:46'),
       (386, 382, 3, 314.41, 360, '2023-11-12 10:49:16'),
       (387, 383, 2, 487.5, 585, '2023-11-12 10:50:38'),
       (388, 384, 2, 479.16, 575, '2023-11-12 10:51:53'),
       (389, 385, 3, 921.39, 1055, '2023-11-12 10:55:47'),
       (390, 386, 3, 598.25, 685, '2023-11-12 10:56:24'),
       (391, 387, 2, 563.32, 645, '2023-11-12 10:57:19'),
       (392, 388, 5, 524.018, 600, '2023-11-12 10:58:33'),
       (393, 389, 5, 173.8, 199, '2023-11-12 11:00:56'),
       (394, 390, 5, 270.742, 310, '2023-11-12 11:14:19'),
       (395, 391, 5, 618.182, 680, '2023-11-12 11:15:49'),
       (396, 392, 5, 618.182, 680, '2023-11-12 11:16:36'),
       (397, 393, 5, 618.182, 680, '2023-11-12 11:17:31'),
       (398, 394, 5, 618.182, 680, '2023-11-12 11:18:16'),
       (399, 395, 3, 566.66, 680, '2023-11-12 11:19:49'),
       (400, 396, 3, 312.5, 375, '2023-11-12 11:21:44'),
       (401, 397, 2, 666.665, 800, '2023-11-12 11:23:21'),
       (402, 398, 2, 666.665, 800, '2023-11-12 11:23:54'),
       (403, 399, 3, 558.33, 670, '2023-11-12 11:24:47'),
       (404, 400, 3, 666.66, 800, '2023-11-12 11:26:36'),
       (405, 401, 4, 483.33, 580, '2023-11-12 11:27:33'),
       (406, 402, 3, 376.88, 450, '2023-11-12 11:28:49'),
       (407, 403, 3, 376.88, 450, '2023-11-12 11:29:26'),
       (408, 404, 2, 670.015, 800, '2023-11-12 11:30:16'),
       (409, 405, 2, 670.015, 800, '2023-11-12 11:30:49'),
       (410, 406, 2, 670.015, 800, '2023-11-12 11:31:39'),
       (411, 407, 6, 448.43, 500, '2023-11-12 11:34:54'),
       (412, 408, 6, 448.43, 500, '2023-11-12 11:35:41'),
       (413, 409, 2, 916.665, 1100, '2023-11-12 11:36:54'),
       (414, 410, 2, 483.335, 580, '2023-11-12 11:37:41'),
       (415, 411, 12, 136.363, 150, '2023-11-12 11:38:39'),
       (416, 412, 12, 254.545, 280, '2023-11-12 11:39:17'),
       (417, 413, 24, 56.338, 60, '2023-11-12 11:49:06'),
       (418, 414, 5, 328.638, 350, '2023-11-12 11:50:11'),
       (419, 415, 5, 713.616, 760, '2023-11-12 11:51:26'),
       (420, 416, 12, 116.28, 130, '2023-11-12 12:30:58'),
       (421, 417, 3, 608.26, 680, '2023-11-12 12:33:00'),
       (422, 418, 3, 608.26, 680, '2023-11-12 12:33:55'),
       (423, 419, 1, 136, 160, '2023-11-12 12:36:25'),
       (424, 420, 1, 136, 160, '2023-11-12 12:37:13'),
       (425, 421, 1, 136, 160, '2023-11-12 12:37:48'),
       (426, 422, 1, 255, 300, '2023-11-12 12:38:28'),
       (427, 423, 1, 255, 300, '2023-11-12 12:38:51'),
       (428, 424, 1, 255, 300, '2023-11-12 12:39:12'),
       (429, 425, 1, 306, 360, '2023-11-12 12:41:01'),
       (430, 426, 1, 306, 360, '2023-11-12 12:41:24'),
       (431, 427, 3, 212.5, 250, '2023-11-12 12:42:20'),
       (432, 428, 1, 238, 280, '2023-11-12 12:43:51'),
       (433, 429, 1, 425, 500, '2023-11-12 12:46:06'),
       (434, 430, 1, 238, 280, '2023-11-12 12:46:43'),
       (435, 431, 1, 425, 500, '2023-11-12 12:47:09'),
       (436, 432, 1, 238, 280, '2023-11-12 12:48:02'),
       (437, 433, 1, 425, 500, '2023-11-12 12:48:24'),
       (438, 434, 2, 221, 260, '2023-11-12 12:49:27'),
       (439, 435, 2, 238, 280, '2023-11-12 12:50:21'),
       (440, 436, 2, 246.5, 290, '2023-11-12 12:51:26'),
       (441, 437, 6, 102.87, 115, '2023-11-12 12:54:39'),
       (442, 437, 1, 0, 115, '2023-11-12 12:54:54'),
       (443, 438, 6, 102.87, 115, '2023-11-12 12:55:47'),
       (444, 416, 1, 0, 130, '2023-11-12 12:56:29'),
       (445, 439, 2, 235, 305, '2023-11-12 13:06:15'),
       (446, 440, 3, 235, 305, '2023-11-12 13:07:12'),
       (447, 441, 3, 235, 305, '2023-11-12 13:08:34'),
       (448, 442, 1, 245, 315, '2023-11-12 13:09:12'),
       (449, 443, 1, 905, 1175, '2023-11-12 13:10:01'),
       (450, 444, 2, 905, 1175, '2023-11-12 13:10:34'),
       (451, 445, 2, 905, 1175, '2023-11-12 13:10:58'),
       (452, 446, 1, 940, 1225, '2023-11-12 13:11:28'),
       (453, 447, 1, 1630, 1985, '2023-11-12 13:12:27'),
       (454, 448, 1, 320, 430, '2023-11-12 13:13:19'),
       (455, 449, 1, 510, 690, '2023-11-12 13:14:16'),
       (456, 450, 5, 87, 100, '2023-11-12 13:27:28'),
       (457, 451, 3, 131, 150, '2023-11-12 13:28:12'),
       (458, 452, 2, 307, 350, '2023-11-12 13:28:59'),
       (459, 453, 3, 260, 300, '2023-11-12 13:29:51'),
       (460, 454, 224, 8, 10, '2023-11-12 13:31:28'),
       (461, 455, 10, 65, 80, '2023-11-12 13:32:34'),
       (462, 456, 10, 65, 80, '2023-11-12 13:33:05'),
       (463, 457, 3, 328, 400, '2023-11-12 13:34:44'),
       (464, 458, 3, 328, 400, '2023-11-12 13:35:14'),
       (465, 459, 190, 8.158, 10, '2023-11-12 13:37:01'),
       (466, 460, 60, 21.25, 25, '2023-11-12 13:38:01'),
       (467, 461, 225, 4.444, 5, '2023-11-12 13:39:41'),
       (468, 462, 150, 4, 5, '2023-11-12 13:40:41'),
       (469, 463, 5, 128, 150, '2023-11-12 13:41:32'),
       (470, 464, 48, 9, 10, '2023-11-12 13:44:09'),
       (471, 465, 12, 36, 40, '2023-11-12 14:20:06'),
       (472, 466, 12, 54, 60, '2023-11-12 14:20:33'),
       (473, 467, 6, 90, 100, '2023-11-12 14:20:59'),
       (474, 468, 6, 144, 160, '2023-11-12 14:21:30'),
       (475, 469, 3, 207, 230, '2023-11-12 14:22:03'),
       (476, 470, 12, 108, 120, '2023-11-12 14:22:36'),
       (477, 471, 3, 225, 250, '2023-11-12 14:23:08'),
       (478, 472, 3, 405, 450, '2023-11-12 14:23:39'),
       (479, 473, 6, 108, 120, '2023-11-12 14:24:07'),
       (480, 474, 24, 9, 10, '2023-11-12 14:26:20'),
       (481, 475, 12, 18, 20, '2023-11-12 14:27:07'),
       (482, 476, 12, 18, 20, '2023-11-12 14:28:05'),
       (483, 477, 12, 54, 60, '2023-11-12 14:28:37'),
       (484, 478, 6, 108, 120, '2023-11-12 14:29:26'),
       (485, 479, 6, 63, 70, '2023-11-12 14:29:49'),
       (486, 480, 6, 216, 240, '2023-11-12 14:30:09'),
       (487, 481, 24, 27, 30, '2023-11-12 14:31:42'),
       (488, 482, 24, 45, 50, '2023-11-12 14:33:23'),
       (489, 483, 12, 90, 100, '2023-11-12 14:33:59'),
       (490, 484, 3, 207, 230, '2023-11-12 14:34:58'),
       (491, 485, 6, 108, 120, '2023-11-12 14:35:27'),
       (492, 486, 6, 207, 230, '2023-11-12 14:36:00'),
       (493, 487, 24, 52.63, 60, '2023-11-12 15:09:31'),
       (494, 488, 24, 97.07, 110, '2023-11-12 15:10:05'),
       (495, 489, 12, 152.32, 180, '2023-11-12 15:10:53'),
       (496, 490, 2, 314.16, 350, '2023-11-12 15:12:25'),
       (497, 491, 2, 314.16, 350, '2023-11-12 15:13:59'),
       (498, 492, 24, 170.67, 200, '2023-11-12 15:15:14'),
       (499, 492, 4, 0, 200, '2023-11-12 15:15:34'),
       (500, 493, 6, 131.24, 145, '2023-11-12 15:17:09'),
       (501, 494, 6, 131.24, 145, '2023-11-12 15:18:08'),
       (502, 495, 6, 131.24, 145, '2023-11-12 15:19:29'),
       (503, 496, 6, 131.24, 145, '2023-11-12 15:20:38'),
       (504, 494, 1, 0, 145, '2023-11-12 15:21:01'),
       (505, 497, 24, 90.91, 100, '2023-11-12 15:52:43'),
       (506, 498, 24, 181.82, 200, '2023-11-12 15:53:33'),
       (507, 497, 1, 0, 100, '2023-11-12 15:54:05'),
       (508, 498, 1, 0, 200, '2023-11-12 15:54:37'),
       (509, 499, 12, 363.64, 400, '2023-11-12 15:55:05'),
       (510, 500, 12, 290.91, 320, '2023-11-12 15:55:48'),
       (511, 501, 6, 272.73, 300, '2023-11-12 15:58:44'),
       (512, 502, 3, 527.27, 580, '2023-11-12 15:59:19'),
       (513, 503, 24, 112.27, 125, '2023-11-12 16:00:05'),
       (514, 503, 1, 0, 125, '2023-11-12 16:00:24'),
       (515, 504, 24, 224.55, 250, '2023-11-12 16:03:11'),
       (516, 504, 1, 0, 250, '2023-11-12 16:03:27'),
       (517, 505, 12, 135.45, 150, '2023-11-12 16:04:14'),
       (518, 506, 12, 390, 430, '2023-11-12 16:05:20'),
       (519, 507, 2, 1298, 1750, '2023-11-12 16:14:47'),
       (520, 508, 6, 348, 400, '2023-11-12 16:16:05'),
       (521, 509, 12, 396, 445, '2023-11-12 16:18:11'),
       (522, 510, 12, 129, 150, '2023-11-12 16:19:24'),
       (523, 511, 12, 185, 210, '2023-11-12 16:20:01'),
       (524, 512, 6, 185, 210, '2023-11-12 16:21:20'),
       (525, 513, 7, 360, 400, '2023-11-12 16:22:00'),
       (526, 514, 2, 986, 1235, '2023-11-12 16:22:42'),
       (527, 515, 30, 153, 170, '2023-11-12 17:59:09'),
       (528, 516, 20, 105.6, 120, '2023-11-12 18:00:38'),
       (529, 516, 4, 0, 120, '2023-11-12 18:01:02'),
       (530, 517, 20, 105.6, 120, '2023-11-12 18:01:43'),
       (531, 518, 2, 181.82, 200, '2023-11-12 18:03:01'),
       (532, 519, 2, 181.82, 200, '2023-11-12 18:03:55'),
       (533, 520, 2, 181.82, 200, '2023-11-12 18:04:36'),
       (534, 521, 2, 359.09, 395, '2023-11-12 18:05:42'),
       (535, 522, 2, 359.09, 395, '2023-11-12 18:06:32'),
       (536, 523, 1, 446.25, 525, '2023-11-12 18:09:00'),
       (537, 524, 1, 552.5, 650, '2023-11-12 18:09:49'),
       (538, 525, 2, 680, 800, '2023-11-12 18:10:26'),
       (539, 526, 2, 765, 900, '2023-11-12 18:10:54'),
       (540, 527, 11, 324, 360, '2023-11-12 18:12:15'),
       (541, 528, 13, 369, 410, '2023-11-12 18:13:09'),
       (542, 528, 4, 0, 410, '2023-11-12 18:14:16'),
       (543, 529, 12, 423, 470, '2023-11-12 18:15:03'),
       (544, 530, 50, 90, 165, '2023-11-12 18:30:18'),
       (545, 531, 24, 99, 110, '2023-11-14 12:24:08'),
       (546, 532, 12, 261, 290, '2023-11-14 12:26:21'),
       (547, 533, 12, 261, 290, '2023-11-14 12:27:40'),
       (548, 534, 12, 315, 350, '2023-11-14 12:28:57'),
       (549, 535, 12, 315, 350, '2023-11-14 12:30:02'),
       (550, 536, 3, 441, 490, '2023-11-14 12:38:13'),
       (551, 537, 3, 441, 490, '2023-11-14 12:39:21'),
       (552, 538, 6, 175, 200, '2023-11-14 12:54:18'),
       (553, 539, 6, 218.75, 250, '2023-11-14 12:54:54'),
       (554, 540, 6, 175, 200, '2023-11-14 12:55:46'),
       (555, 541, 12, 261, 290, '2023-11-14 13:10:55'),
       (556, 542, 12, 252, 280, '2023-11-14 13:12:56'),
       (557, 543, 12, 441, 490, '2023-11-14 13:21:39'),
       (558, 544, 12, 315, 350, '2023-11-14 13:31:58'),
       (559, 545, 12, 162, 180, '2023-11-14 13:35:07'),
       (560, 546, 6, 162, 180, '2023-11-14 13:36:04'),
       (561, 547, 12, 123.9, 140, '2023-11-14 13:51:14'),
       (562, 548, 12, 123.9, 140, '2023-11-14 13:52:18'),
       (563, 549, 4, 0, 140, '2023-11-14 13:53:03'),
       (564, 550, 12, 123.9, 140, '2023-11-14 13:53:54'),
       (565, 551, 12, 123.9, 140, '2023-11-14 13:55:49'),
       (566, 552, 6, 262.5, 300, '2023-11-14 14:12:09'),
       (567, 553, 12, 262.5, 300, '2023-11-14 14:13:01'),
       (568, 554, 6, 262.5, 300, '2023-11-14 14:13:42'),
       (569, 555, 6, 262.5, 300, '2023-11-14 14:14:30'),
       (570, 556, 3, 507.5, 580, '2023-11-14 14:16:50'),
       (571, 557, 3, 507.5, 580, '2023-11-14 14:17:50'),
       (572, 558, 6, 507.5, 580, '2023-11-14 14:18:40'),
       (573, 559, 3, 507.5, 580, '2023-11-14 14:19:52'),
       (574, 560, 3, 507.5, 580, '2023-11-14 14:20:43'),
       (575, 561, 2, 857.5, 980, '2023-11-14 14:21:57'),
       (576, 562, 2, 857.5, 980, '2023-11-14 14:22:33'),
       (577, 563, 2, 962.5, 1100, '2023-11-14 14:23:18'),
       (578, 564, 32, 84.3175, 92, '2023-11-14 14:47:39'),
       (579, 565, 6, 644.83, 900, '2023-11-14 15:53:04'),
       (580, 566, 4, 758.58, 900, '2023-11-14 16:07:40'),
       (581, 567, 2, 1983.84, 2400, '2023-11-14 16:14:03'),
       (582, 568, 6, 472.5, 580, '2023-11-14 17:07:08'),
       (583, 569, 6, 92.88, 100, '2023-11-14 17:25:47'),
       (584, 570, 6, 92.88, 100, '2023-11-14 17:27:12'),
       (585, 571, 6, 92.88, 100, '2023-11-14 17:28:11'),
       (586, 572, 6, 92.88, 100, '2023-11-14 17:29:16'),
       (587, 573, 12, 138, 150, '2023-11-14 17:30:19'),
       (588, 574, 12, 138, 150, '2023-11-14 17:30:59'),
       (589, 575, 4, 188, 200, '2023-11-14 17:31:48'),
       (590, 576, 4, 188, 200, '2023-11-14 17:32:32'),
       (591, 577, 4, 188, 200, '2023-11-14 17:33:23'),
       (592, 578, 3, 140, 150, '2023-11-14 17:34:11'),
       (593, 579, 3, 140, 150, '2023-11-14 17:34:56'),
       (594, 580, 3, 140, 150, '2023-11-14 17:35:50'),
       (595, 581, 3, 140, 150, '2023-11-14 17:36:24'),
       (596, 582, 3, 332, 350, '2023-11-14 17:37:47'),
       (597, 583, 3, 332, 350, '2023-11-14 17:38:29'),
       (598, 584, 3, 332, 350, '2023-11-14 17:39:16'),
       (599, 585, 3, 332, 350, '2023-11-14 17:39:53'),
       (600, 586, 3, 235.42, 250, '2023-11-14 17:44:22'),
       (601, 587, 6, 235.42, 250, '2023-11-14 17:45:51'),
       (602, 588, 3, 235.42, 250, '2023-11-14 17:46:36'),
       (603, 589, 13, 157, 170, '2023-11-14 17:56:50'),
       (604, 590, 12, 205, 220, '2023-11-14 17:57:55'),
       (605, 591, 6, 361, 380, '2023-11-14 17:59:00'),
       (606, 592, 11, 157, 170, '2023-11-14 18:00:03'),
       (607, 593, 12, 205, 220, '2023-11-14 18:01:14'),
       (608, 594, 6, 361, 380, '2023-11-14 18:02:03'),
       (609, 595, 6, 361, 380, '2023-11-14 18:02:47'),
       (610, 596, 6, 361, 380, '2023-11-14 18:03:30'),
       (611, 597, 3, 155.5, 175, '2023-11-15 17:53:45'),
       (612, 598, 3, 160.9, 180, '2023-11-15 17:59:31'),
       (613, 598, 1, 0, 180, '2023-11-15 17:59:48'),
       (614, 599, 12, 242.15, 270, '2023-11-15 18:01:49'),
       (615, 600, 12, 242.15, 270, '2023-11-15 18:03:30'),
       (616, 600, 2, 0, 270, '2023-11-15 18:03:57'),
       (617, 601, 5, 44.84, 50, '2023-11-15 18:05:24'),
       (618, 602, 10, 44.84, 50, '2023-11-15 18:06:23'),
       (619, 602, 1, 0, 50, '2023-11-15 18:06:41'),
       (620, 603, 3, 1042.2, 1080, '2023-11-16 11:40:34'),
       (621, 604, 5, 661.03, 685, '2023-11-16 11:41:47'),
       (623, 606, 2, 708.75, 750, '2023-11-16 11:49:30'),
       (624, 607, 3, 858.85, 890, '2023-11-16 11:50:11'),
       (625, 608, 24, 45, 90, '2023-11-16 16:39:31'),
       (626, 609, 12, 75.5, 130, '2023-11-16 16:42:27'),
       (627, 610, 12, 86, 160, '2023-11-16 16:43:20'),
       (628, 611, 2, 275, 550, '2023-11-16 17:02:08'),
       (629, 612, 250, 250, 275, '2023-11-17 21:53:56'),
       (630, 613, 100, 275, 300, '2023-11-17 21:58:01'),
       (631, 614, 50, 175, 200, '2023-11-17 21:59:04'),
       (632, 615, 25, 225, 250, '2023-11-17 22:00:08'),
       (633, 616, 15, 645, 760, '2023-11-17 22:03:51'),
       (634, 617, 12, 950, 1475, '2023-11-17 22:11:07'),
       (635, 618, 26, 1030, 1200, '2023-11-17 22:15:15'),
       (636, 619, 5, 480, 700, '2023-11-17 22:16:26'),
       (637, 620, 10, 295, 700, '2023-11-17 22:17:18'),
       (638, 621, 5, 1250, 1700, '2023-11-17 22:17:51'),
       (639, 622, 5, 410, 700, '2023-11-17 22:18:20'),
       (640, 623, 5, 295, 700, '2023-11-17 22:18:49'),
       (641, 624, 5, 360, 700, '2023-11-17 22:20:14'),
       (642, 625, 0.5, 11000, 15000, '2023-11-17 22:22:47'),
       (643, 626, 10, 650, 900, '2023-11-17 22:24:09'),
       (644, 627, 10, 1130, 1900, '2023-11-17 22:24:36'),
       (645, 628, 5, 560, 1100, '2023-11-17 22:25:45'),
       (646, 629, 1, 3300, 5000, '2023-11-17 22:27:43'),
       (647, 630, 100, 72.5, 120, '2023-11-17 22:33:09'),
       (648, 631, 100, 42.5, 90, '2023-11-17 22:34:02'),
       (649, 632, 30, 155, 175, '2023-11-17 22:42:57'),
       (650, 633, 10, 510, 700, '2023-11-17 23:01:19'),
       (651, 634, 10, 250, 400, '2023-11-17 23:02:42'),
       (652, 635, 5, 1250, 1600, '2023-11-17 23:04:26'),
       (653, 636, 20, 238, 275, '2023-11-17 23:09:03'),
       (654, 637, 5, 550, 1500, '2023-11-17 23:12:36'),
       (655, 638, 5, 1250, 1400, '2023-11-17 23:13:49'),
       (656, 639, 10, 185, 200, '2023-11-17 23:16:51'),
       (657, 640, 27.78, 240, 300, '2023-11-17 23:17:58'),
       (658, 641, 7, 480, 700, '2023-11-17 23:18:43'),
       (659, 642, 50, 60, 80, '2023-11-17 23:21:11'),
       (660, 643, 260, 38.5, 44, '2023-11-17 23:21:53'),
       (661, 644, 5, 1550, 1800, '2023-11-17 23:23:31'),
       (662, 645, 5, 1020, 1400, '2023-11-17 23:26:52'),
       (663, 646, 3, 1850, 2300, '2023-11-17 23:28:13'),
       (664, 647, 25, 230, 300, '2023-11-18 06:47:20'),
       (665, 648, 10, 180, 260, '2023-11-18 09:31:27'),
       (666, 649, 3, 180, 260, '2023-11-18 09:32:01'),
       (667, 650, 6, 150, 220, '2023-11-18 09:33:59'),
       (668, 651, 3, 150, 220, '2023-11-18 09:34:24'),
       (669, 652, 6, 101.5, 150, '2023-11-18 09:35:40'),
       (670, 653, 3, 101.5, 150, '2023-11-18 09:36:16'),
       (671, 654, 6, 67.5, 90, '2023-11-18 09:36:53'),
       (672, 655, 3, 67.5, 90, '2023-11-18 09:37:11'),
       (673, 656, 3, 360, 520, '2023-11-18 09:37:58'),
       (674, 657, 3, 360, 520, '2023-11-18 09:38:16'),
       (675, 658, 3, 292.5, 430, '2023-11-18 09:38:49'),
       (676, 659, 3, 210, 310, '2023-11-18 09:39:07'),
       (677, 660, 3, 142.5, 190, '2023-11-18 09:39:30'),
       (678, 661, 3, 105, 140, '2023-11-18 09:40:09'),
       (679, 661, 1, 0, 140, '2023-11-18 09:40:41'),
       (680, 662, 3, 172.5, 230, '2023-11-18 09:41:02'),
       (681, 663, 30, 18.75, 25, '2023-11-18 09:42:31'),
       (682, 664, 45, 30, 40, '2023-11-18 09:44:09'),
       (683, 665, 12, 120, 160, '2023-11-18 09:45:00'),
       (684, 666, 12, 37.5, 50, '2023-11-18 09:46:10'),
       (685, 667, 3, 202.5, 270, '2023-11-18 09:47:12'),
       (686, 668, 3, 157.5, 210, '2023-11-18 09:48:04'),
       (687, 669, 50, 18.75, 25, '2023-11-18 09:48:57'),
       (688, 670, 72, 397.5, 420, '2023-11-18 09:51:25'),
       (689, 671, 25, 18.75, 25, '2023-11-18 10:11:22'),
       (690, 672, 25, 18.75, 25, '2023-11-18 10:11:45'),
       (691, 673, 12, 30, 40, '2023-11-18 10:12:59'),
       (692, 674, 10, 112.5, 150, '2023-11-18 10:13:41'),
       (693, 675, 12, 56.25, 75, '2023-11-18 10:14:40'),
       (694, 676, 12, 75, 100, '2023-11-18 10:16:50'),
       (695, 677, 15, 112.45, 130, '2023-11-18 10:49:05'),
       (696, 678, 6, 207.6, 240, '2023-11-18 10:49:35'),
       (697, 679, 22, 45, 50, '2023-11-18 10:50:23'),
       (698, 680, 6, 225, 250, '2023-11-18 10:50:53'),
       (699, 681, 25, 78.75, 90, '2023-11-18 10:51:42'),
       (700, 682, 6, 201.25, 230, '2023-11-18 10:52:16'),
       (701, 683, 12, 105.6, 120, '2023-11-18 10:52:52'),
       (702, 684, 6, 246.4, 280, '2023-11-18 10:53:26'),
       (703, 685, 6, 225, 250, '2023-11-18 10:53:52'),
       (704, 686, 6, 81, 90, '2023-11-18 10:55:36'),
       (705, 687, 6, 126, 140, '2023-11-18 10:56:05'),
       (706, 688, 6, 180, 200, '2023-11-18 10:56:24'),
       (707, 689, 6, 207, 230, '2023-11-18 10:56:59'),
       (708, 690, 4, 424.8, 480, '2023-11-18 10:57:27'),
       (709, 686, 1, 0, 90, '2023-11-18 10:58:10'),
       (710, 691, 3, 528.3, 560, '2023-11-18 11:23:21'),
       (711, 692, 15, 45.45, 50, '2023-11-18 11:23:59'),
       (712, 693, 60, 22.84, 25, '2023-11-18 11:28:46'),
       (713, 694, 15, 73.06, 80, '2023-11-18 11:30:07'),
       (714, 695, 2, 900.47, 950, '2023-11-18 11:32:15'),
       (715, 696, 2, 900.47, 950, '2023-11-18 11:35:08'),
       (716, 697, 2, 786.73, 830, '2023-11-18 11:37:17'),
       (717, 698, 1, 2252.25, 2500, '2023-11-18 11:38:35'),
       (718, 699, 1, 2252.25, 2500, '2023-11-18 11:39:43'),
       (719, 700, 1, 1801.8, 2000, '2023-11-18 11:40:08'),
       (720, 701, 1, 1805.56, 1950, '2023-11-18 11:40:46'),
       (721, 702, 1, 1805.56, 1950, '2023-11-18 11:42:11'),
       (722, 703, 48, 56, 70, '2023-11-18 11:46:23'),
       (723, 704, 24, 56, 70, '2023-11-18 11:46:46'),
       (724, 705, 4, 124.68, 150, '2023-11-18 11:47:31'),
       (725, 706, 4, 124.68, 150, '2023-11-18 11:47:54'),
       (726, 707, 4, 124.68, 150, '2023-11-18 11:48:19'),
       (727, 708, 30, 42.5, 50, '2023-11-18 11:56:04'),
       (728, 709, 12, 90, 100, '2023-11-18 11:58:48'),
       (729, 709, 1, 0, 100, '2023-11-18 11:59:06'),
       (730, 710, 42, 75, 90, '2023-11-19 11:07:38'),
       (731, 711, 42, 75, 90, '2023-11-19 11:10:08'),
       (732, 712, 27, 125, 150, '2023-11-19 11:13:18'),
       (733, 713, 27, 133, 160, '2023-11-19 11:14:09'),
       (734, 714, 42, 41.5, 50, '2023-11-19 11:15:24'),
       (735, 715, 42, 41.5, 50, '2023-11-19 11:16:04'),
       (736, 716, 6, 267, 320, '2023-11-19 11:18:05'),
       (737, 717, 6, 292, 350, '2023-11-19 11:18:48'),
       (738, 718, 6, 382, 460, '2023-11-19 11:19:41'),
       (739, 719, 3, 515, 620, '2023-11-19 11:26:28'),
       (740, 720, 3, 432, 520, '2023-11-19 11:27:47'),
       (741, 721, 3, 475, 570, '2023-11-19 11:28:50'),
       (742, 722, 3, 680, 820, '2023-11-19 11:29:48'),
       (743, 723, 3, 855, 1030, '2023-11-19 11:30:48'),
       (744, 720, 1, 0, 520, '2023-11-19 11:34:52'),
       (745, 724, 2, 2650, 2695, '2023-11-19 11:37:35'),
       (746, 725, 2, 2650, 2695, '2023-11-19 11:38:21'),
       (747, 726, 5, 110, 140, '2023-11-19 11:43:11'),
       (748, 727, 5, 125, 170, '2023-11-19 11:45:09'),
       (749, 728, 5, 145, 200, '2023-11-19 11:45:43'),
       (750, 729, 12, 60, 80, '2023-11-19 11:46:13'),
       (751, 730, 100, 2.2, 4, '2023-11-19 12:12:06'),
       (752, 731, 100, 4.3, 7, '2023-11-19 12:12:44'),
       (753, 732, 5, 410, 440, '2023-11-19 12:14:38'),
       (754, 733, 2, 640, 680, '2023-11-19 12:17:15'),
       (755, 734, 16, 49, 50, '2023-11-19 12:19:04'),
       (756, 735, 8, 135, 165, '2023-11-19 12:20:43'),
       (757, 736, 12, 164, 170, '2023-11-19 12:21:59'),
       (758, 95, 20, 28, 30, '2023-11-19 12:22:54'),
       (759, 737, 20, 18, 20, '2023-11-19 12:25:03'),
       (760, 735, 2, 0, 165, '2023-11-19 12:28:41'),
       (761, 738, 5.122, 1600, 2200, '2023-11-19 12:46:23'),
       (762, 739, 75, 7.867, 10, '2023-11-19 13:29:54'),
       (763, 740, 35, 16, 20, '2023-11-19 13:31:37'),
       (764, 741, 150, 3.933, 5, '2023-11-19 13:32:58'),
       (765, 742, 80, 8, 10, '2023-11-19 13:34:05'),
       (766, 743, 60, 7.333, 10, '2023-11-19 13:36:27'),
       (767, 744, 20, 210, 220, '2023-11-19 15:26:13'),
       (768, 745, 10, 210, 225, '2023-11-19 15:28:27'),
       (769, 746, 20, 200, 210, '2023-11-19 15:29:25'),
       (770, 747, 3, 160, 210, '2023-11-20 11:36:33'),
       (771, 748, 3, 300, 400, '2023-11-20 11:37:47'),
       (772, 749, 1, 500, 620, '2023-11-20 11:38:52'),
       (773, 750, 1, 500, 620, '2023-11-20 11:39:42'),
       (774, 751, 100, 16, 20, '2023-11-20 12:43:58'),
       (775, 752, 5, 63, 80, '2023-11-20 12:45:48'),
       (776, 753, 2, 440, 500, '2023-11-20 12:48:05'),
       (777, 754, 2, 240, 280, '2023-11-20 12:51:25'),
       (778, 755, 8, 175, 225, '2023-11-20 13:08:41'),
       (779, 756, 12, 136, 160, '2023-11-20 14:14:28'),
       (780, 757, 3, 93.5, 110, '2023-11-20 15:00:59'),
       (781, 758, 3, 144.5, 160, '2023-11-20 15:02:28'),
       (782, 759, 35, 110, 160, '2023-11-20 15:14:55'),
       (783, 759, 2, 0, 160, '2023-11-20 15:15:19'),
       (784, 760, 35, 110, 160, '2023-11-20 15:16:07'),
       (785, 760, 2, 0, 160, '2023-11-20 15:16:23'),
       (786, 761, 5, 86.82, 100, '2023-11-20 17:09:32'),
       (787, 762, 5, 35, 50, '2023-11-21 08:53:41'),
       (788, 763, 5, 160, 180, '2023-11-21 16:06:46'),
       (789, 764, 3, 150, 170, '2023-11-21 16:08:59'),
       (790, 765, 3, 150, 170, '2023-11-21 16:12:51'),
       (791, 766, 3, 85, 100, '2023-11-21 16:26:24'),
       (792, 767, 3, 85, 100, '2023-11-21 16:26:57'),
       (793, 768, 10, 95, 110, '2023-11-21 16:29:54'),
       (794, 769, 10, 105, 120, '2023-11-21 16:31:37'),
       (795, 770, 2, 270, 350, '2023-11-21 16:34:57'),
       (796, 771, 10, 70, 100, '2023-11-21 16:37:27'),
       (797, 772, 12, 20, 30, '2023-11-21 16:45:50'),
       (798, 773, 3, 125, 175, '2023-11-21 16:47:34'),
       (799, 774, 3, 100, 150, '2023-11-21 16:50:49'),
       (800, 775, 6, 90, 120, '2023-11-21 16:53:03'),
       (801, 776, 7, 110, 150, '2023-11-21 16:53:24'),
       (802, 777, 100, 12, 20, '2023-11-21 19:56:18'),
       (803, 778, 100, 4, 10, '2023-11-21 19:58:54'),
       (804, 779, 50, 8, 15, '2023-11-21 19:59:51'),
       (805, 780, 24, 45, 70, '2023-11-21 20:04:57'),
       (806, 781, 24, 20, 30, '2023-11-21 20:05:48'),
       (807, 782, 12, 50, 80, '2023-11-21 20:13:55'),
       (808, 783, 10, 20, 35, '2023-11-21 20:15:03'),
       (809, 784, 12, 120, 160, '2023-11-21 20:17:17'),
       (810, 785, 12, 120, 160, '2023-11-21 20:32:02'),
       (811, 786, 10, 55.608, 59, '2023-11-21 21:45:23'),
       (812, 787, 10, 112.158, 119, '2023-11-21 21:46:00'),
       (813, 788, 10, 47.875, 50, '2023-11-21 21:46:36'),
       (814, 789, 10, 95.75, 100, '2023-11-21 21:47:00'),
       (815, 790, 3, 263.39, 295, '2023-11-22 09:52:44'),
       (816, 791, 3, 312.5, 350, '2023-11-22 09:53:49'),
       (817, 792, 6, 196.43, 220, '2023-11-22 10:00:49'),
       (818, 793, 3, 123.5, 145, '2023-11-22 12:04:48'),
       (819, 794, 150, 215, 220, '2023-11-22 12:35:47'),
       (820, 795, 10, 170, 250, '2023-11-22 15:48:13'),
       (821, 640, 3.22, 255, 300, '2023-11-22 18:56:11'),
       (822, 796, 12, 35, 50, '2023-11-23 10:24:48'),
       (823, 797, 24, 20.833, 30, '2023-11-23 10:27:47'),
       (824, 798, 24, 13.333, 20, '2023-11-23 10:28:27'),
       (825, 799, 15, 165, 180, '2023-11-23 17:19:01'),
       (826, 800, 5, 60, 70, '2023-11-23 17:19:52'),
       (827, 801, 5, 50, 60, '2023-11-23 17:20:30'),
       (828, 802, 10, 47, 55, '2023-11-23 17:22:06'),
       (829, 803, 5, 60, 70, '2023-11-23 17:22:45'),
       (830, 804, 5, 89, 100, '2023-11-23 17:23:26'),
       (831, 805, 4, 136, 150, '2023-11-23 17:24:20'),
       (832, 806, 5, 89, 100, '2023-11-23 17:25:07'),
       (833, 807, 6, 136, 150, '2023-11-23 17:25:45'),
       (834, 808, 3, 139.2, 150, '2023-11-23 18:34:43'),
       (835, 809, 3, 139.25, 150, '2023-11-23 18:47:24'),
       (836, 810, 3, 139.25, 150, '2023-11-23 18:49:43'),
       (837, 811, 3, 91.69, 100, '2023-11-23 19:03:03'),
       (838, 812, 3, 92.79, 100, '2023-11-23 19:05:03'),
       (839, 813, 3, 92.79, 100, '2023-11-23 19:06:10'),
       (840, 814, 3, 92.79, 100, '2023-11-23 19:34:22'),
       (841, 815, 3, 235, 250, '2023-11-23 19:36:05'),
       (842, 816, 3, 235, 250, '2023-11-23 19:38:41'),
       (843, 817, 3, 235, 250, '2023-11-23 19:39:49'),
       (844, 818, 3, 235, 250, '2023-11-23 19:40:36'),
       (845, 819, 3, 235, 250, '2023-11-23 19:42:51'),
       (846, 820, 3, 157.68, 170, '2023-11-23 19:55:03'),
       (847, 821, 3, 235, 250, '2023-11-23 19:56:11'),
       (848, 822, 3, 332.5, 350, '2023-11-23 20:32:36'),
       (849, 823, 3, 332.5, 350, '2023-11-23 20:33:56'),
       (850, 824, 3, 332.5, 350, '2023-11-23 20:35:19'),
       (851, 825, 3, 332.5, 350, '2023-11-23 20:36:40'),
       (852, 826, 3, 332.5, 350, '2023-11-23 20:37:43'),
       (853, 827, 3, 185, 200, '2023-11-23 20:38:37'),
       (854, 828, 3, 332.5, 350, '2023-11-23 20:39:18'),
       (855, 829, 3, 185.11, 200, '2023-11-23 20:45:16'),
       (856, 830, 20, 30, 40, '2023-11-23 20:53:09'),
       (857, 831, 20, 35, 50, '2023-11-23 20:54:24'),
       (858, 832, 6, 290, 350, '2023-11-23 20:58:41'),
       (859, 833, 3, 290, 350, '2023-11-23 21:02:37'),
       (860, 834, 8, 131.25, 160, '2023-11-23 21:10:57'),
       (861, 835, 8, 131.25, 160, '2023-11-23 21:11:58'),
       (862, 836, 4, 139.2, 160, '2023-11-23 21:14:07'),
       (863, 837, 6, 147.9, 170, '2023-11-23 21:15:15'),
       (864, 838, 4, 143.55, 165, '2023-11-23 21:16:56'),
       (865, 839, 6, 165.3, 190, '2023-11-23 21:18:45'),
       (866, 840, 4, 152.25, 175, '2023-11-23 21:20:12'),
       (867, 841, 4, 147.9, 170, '2023-11-23 21:21:26'),
       (868, 842, 4, 156.6, 180, '2023-11-23 21:23:12'),
       (869, 843, 4, 113.1, 130, '2023-11-23 21:26:53'),
       (870, 844, 6, 147.9, 170, '2023-11-23 21:28:08'),
       (871, 845, 4, 147.9, 170, '2023-11-23 21:29:22'),
       (872, 846, 4, 130.5, 150, '2023-11-23 21:30:08'),
       (873, 847, 3, 272.8, 310, '2023-11-23 21:35:58'),
       (874, 848, 12, 57.2, 65, '2023-11-23 21:37:11'),
       (875, 849, 3, 216, 240, '2023-11-23 21:38:01'),
       (876, 850, 3, 171, 190, '2023-11-23 21:39:02'),
       (877, 851, 3, 535.5, 595, '2023-11-23 21:40:13'),
       (878, 852, 3, 360, 400, '2023-11-23 21:42:20'),
       (879, 853, 3, 157.5, 175, '2023-11-23 21:43:24'),
       (880, 854, 6, 130, 150, '2023-11-24 18:10:35'),
       (881, 855, 6, 75, 100, '2023-11-24 18:13:14'),
       (882, 856, 3, 625, 695, '2023-11-24 18:17:22'),
       (883, 639, 10, 190, 210, '2023-11-24 18:20:23'),
       (884, 857, 2, 204, 240, '2023-11-24 18:27:55'),
       (885, 858, 2, 161.5, 190, '2023-11-24 18:28:47'),
       (886, 859, 1, 272, 320, '2023-11-24 18:33:50'),
       (887, 860, 1, 272, 320, '2023-11-24 18:34:46'),
       (888, 861, 1, 272, 320, '2023-11-24 18:35:56'),
       (889, 862, 1, 331.5, 390, '2023-11-24 18:45:40'),
       (890, 863, 1, 331.5, 390, '2023-11-24 18:46:24'),
       (891, 864, 2, 212.5, 250, '2023-11-24 18:48:09'),
       (892, 865, 1, 204, 240, '2023-11-24 19:02:09'),
       (893, 866, 1, 204, 240, '2023-11-24 19:03:16'),
       (894, 867, 1, 204, 240, '2023-11-24 19:04:27'),
       (895, 868, 1, 204, 240, '2023-11-24 19:07:29'),
       (896, 869, 2, 212.5, 250, '2023-11-24 19:08:34'),
       (897, 870, 2, 204, 240, '2023-11-24 19:11:20'),
       (898, 871, 2, 204, 240, '2023-11-24 19:21:46'),
       (899, 871, 1, 0, 240, '2023-11-24 19:22:05'),
       (900, 872, 2, 221, 260, '2023-11-24 19:23:51'),
       (901, 873, 2, 212.5, 250, '2023-11-24 19:27:00'),
       (902, 874, 2, 212.5, 250, '2023-11-24 19:27:49'),
       (903, 875, 1, 278.26, 320, '2023-11-24 19:30:19'),
       (904, 876, 1, 278.26, 320, '2023-11-24 19:31:10'),
       (905, 877, 1, 278.26, 320, '2023-11-24 19:31:49'),
       (906, 878, 1, 278.26, 320, '2023-11-24 19:32:35'),
       (907, 879, 1, 278.26, 320, '2023-11-24 19:34:45'),
       (908, 880, 1, 278.26, 320, '2023-11-24 19:35:42'),
       (909, 881, 10, 145.45, 160, '2023-11-24 19:36:40'),
       (910, 882, 25, 16, 20, '2023-11-24 20:06:40'),
       (911, 883, 6, 85, 100, '2023-11-24 20:12:57'),
       (912, 884, 5, 210, 250, '2023-11-24 20:16:44'),
       (913, 885, 40, 21, 60, '2023-11-24 21:11:04'),
       (914, 886, 10, 48, 50, '2023-11-25 10:29:29'),
       (915, 887, 5, 75.84, 79, '2023-11-25 10:30:06'),
       (916, 888, 12.5, 870, 940, '2023-11-25 11:54:23'),
       (917, 889, 12.9, 920, 1000, '2023-11-25 11:56:43'),
       (918, 890, 3, 280, 350, '2023-11-25 14:20:29'),
       (919, 891, 3, 280, 350, '2023-11-25 14:21:07'),
       (920, 111, 3, 279, 310, '2023-11-25 17:05:58'),
       (921, 892, 6, 270, 300, '2023-11-25 17:06:32'),
       (922, 893, 10, 275, 285, '2023-11-27 09:06:29'),
       (923, 894, 20, 121.19, 125, '2023-11-27 13:13:02'),
       (924, 895, 20, 29.31, 30, '2023-11-27 13:17:24'),
       (925, 896, 1, 420, 470, '2023-11-27 13:20:23'),
       (926, 897, 1, 420, 470, '2023-11-27 13:20:52'),
       (927, 898, 1, 490, 540, '2023-11-27 13:21:35'),
       (928, 899, 2, 280, 320, '2023-11-27 13:22:42'),
       (929, 900, 3, 230, 295, '2023-11-27 13:24:19'),
       (930, 901, 2, 310, 320, '2023-11-27 13:25:23'),
       (931, 902, 4, 140, 160, '2023-11-27 13:27:01'),
       (932, 903, 3, 650, 675, '2023-11-27 13:42:08'),
       (933, 904, 12, 50, 80, '2023-11-27 19:02:56'),
       (934, 905, 6, 70, 90, '2023-11-27 19:03:52'),
       (935, 703, 48, 56, 70, '2023-11-27 19:12:21'),
       (936, 707, 6, 124.68, 150, '2023-11-27 19:13:39'),
       (937, 906, 6, 124.68, 150, '2023-11-27 19:14:22'),
       (938, 907, 2, 275, 320, '2023-11-27 21:08:18'),
       (939, 310, 2, 630, 700, '2023-11-28 13:57:17'),
       (940, 908, 2, 630, 700, '2023-11-28 13:58:31'),
       (941, 909, 6, 53.37, 70, '2023-11-28 15:43:41'),
       (942, 910, 2, 408, 510, '2023-11-28 15:50:01'),
       (943, 911, 1, 440, 550, '2023-11-28 15:51:20'),
       (944, 912, 2, 235, 300, '2023-11-28 15:54:43'),
       (945, 913, 2, 830.95, 1000, '2023-11-28 16:00:17'),
       (946, 914, 3, 160.44, 190, '2023-11-28 16:03:01'),
       (947, 681, 12, 78.75, 90, '2023-11-28 18:33:35'),
       (948, 679, 10, 45, 50, '2023-11-28 18:38:44'),
       (949, 915, 4, 389.25, 450, '2023-11-28 18:51:29'),
       (950, 610, 12, 84, 160, '2023-11-28 19:01:12'),
       (951, 564, 32, 84.34, 92, '2023-11-28 19:02:43'),
       (952, 916, 8, 275, 400, '2023-11-29 10:39:43'),
       (953, 884, 5, 210, 250, '2023-11-29 12:04:45'),
       (954, 917, 2, 300, 350, '2023-11-29 12:07:39'),
       (955, 918, 50, 15, 20, '2023-11-29 12:10:49'),
       (956, 919, 9, 60, 80, '2023-11-29 13:31:17'),
       (957, 800, 6, 60, 70, '2023-11-29 15:29:19'),
       (958, 801, 6, 50, 60, '2023-11-29 15:30:20'),
       (959, 920, 6, 146, 160, '2023-11-29 15:33:09'),
       (960, 803, 6, 60, 70, '2023-11-29 15:34:02'),
       (961, 805, 6, 136, 150, '2023-11-29 15:35:02'),
       (963, 807, 6, 136, 150, '2023-11-29 18:49:26');

-- --------------------------------------------------------

--
-- Table structure for table `invoice`
--

CREATE TABLE `invoice`
(
  `invoice_id`   int(11) NOT NULL,
  `date_time`    datetime NOT NULL,
  `subtotal`     double   NOT NULL,
  `discount`     double   NOT NULL,
  `total`        double   NOT NULL,
  `payment_type` tinytext NOT NULL,
  `due`          double   NOT NULL,
  `paid`         double   NOT NULL
) ENGINE=InnoDB DEFAULT CHARSET=utf8mb4 COLLATE=utf8mb4_general_ci;

--
-- Dumping data for table `invoice`
--

INSERT INTO `invoice` (`invoice_id`, `date_time`, `subtotal`, `discount`, `total`, `payment_type`, `due`, `paid`)
VALUES (45, '2023-11-18 06:45:23', 1415, 0, 1415, 'Cash', -3585, 5000),
       (46, '2023-11-18 06:47:51', 475, 0, 475, 'Cash', -2025, 2500),
       (47, '2023-11-18 06:49:55', 475, 0, 475, 'Cash', -1525, 2000),
       (48, '2023-11-18 07:18:05', 350, 0, 350, 'Cash', -650, 1000),
       (49, '2023-11-18 07:45:32', 100, 0, 100, 'Cash', -400, 500),
       (50, '2023-11-18 07:53:36', 350, 0, 350, 'Cash', 0, 350),
       (51, '2023-11-18 08:38:56', 405, 0, 405, 'Cash', -9595, 10000),
       (52, '2023-11-18 09:08:26', 1490, 0, 1490, 'Cash', -10, 1500),
       (53, '2023-11-18 09:09:06', 320, 0, 320, 'Cash', -80, 400),
       (54, '2023-11-18 09:17:37', 175, 0, 175, 'Cash', -25, 200),
       (55, '2023-11-18 09:53:54', 1725, 0, 1725, 'Cash', -275, 2000),
       (56, '2023-11-18 09:58:50', 260, 0, 260, 'Cash', -740, 1000),
       (57, '2023-11-18 10:02:22', 513.5, 0, 513.5, 'Cash', -486.5, 1000),
       (58, '2023-11-18 10:03:17', 200, 0, 200, 'Cash', 0, 200),
       (59, '2023-11-18 10:05:33', 510, 0, 510, 'Cash', -90, 600),
       (60, '2023-11-18 10:06:11', 100, 0, 100, 'Cash', 0, 100),
       (61, '2023-11-18 10:15:09', 199, 0, 199, 'Cash', -1, 200),
       (62, '2023-11-18 10:27:06', 2170, 0, 2170, 'Cash', -30, 2200),
       (63, '2023-11-18 10:29:34', 1961, 0, 1961, 'Cash', -39, 2000),
       (64, '2023-11-18 10:33:20', 725, 0, 725, 'Cash', -275, 1000),
       (65, '2023-11-18 10:34:37', 745, 0, 745, 'Cash', -255, 1000),
       (66, '2023-11-18 11:19:54', 1550, 0, 1550, 'Cash', -50, 1600),
       (67, '2023-11-18 12:14:24', 380, 0, 380, 'Cash', -620, 1000),
       (68, '2023-11-18 12:48:06', 555, 0, 555, 'Cash', 0, 555),
       (69, '2023-11-18 12:49:08', 655, 0, 655, 'Cash', 0, 655),
       (70, '2023-11-18 12:58:15', 850, 0, 850, 'Cash', -150, 1000),
       (71, '2023-11-18 13:17:43', 300, 0, 300, 'Cash', -700, 1000),
       (72, '2023-11-18 13:47:32', 45, 0, 45, 'Cash', -55, 100),
       (73, '2023-11-18 13:49:39', 175, 0, 175, 'Cash', -25, 200),
       (75, '2023-11-18 13:59:42', 430, 0, 430, 'Cash', -70, 500),
       (76, '2023-11-18 14:01:40', 100, 0, 100, 'Cash', 0, 100),
       (77, '2023-11-18 14:18:31', 50, 0, 50, 'Cash', 0, 50),
       (79, '2023-11-18 14:20:39', 190, 0, 190, 'Cash', -10, 200),
       (80, '2023-11-18 15:13:57', 100, 0, 100, 'Cash', -900, 1000),
       (81, '2023-11-18 15:53:55', 160, 0, 160, 'Cash', -40, 200),
       (82, '2023-11-18 17:56:40', 150, 0, 150, 'Cash', 0, 150),
       (83, '2023-11-18 18:17:51', 400, 0, 400, 'Cash', -600, 1000),
       (84, '2023-11-18 18:32:04', 5099.25, 0, 5099.25, 'Cash', -4900.75, 10000),
       (85, '2023-11-18 18:36:01', 660, 0, 660, 'Cash', -40, 700),
       (86, '2023-11-18 19:06:39', 160, 0, 160, 'Cash', -40, 200),
       (87, '2023-11-18 19:24:23', 1375, 0, 1375, 'Cash', -25, 1400),
       (88, '2023-11-18 19:27:49', 1550, 0, 1550, 'Cash', -3450, 5000),
       (89, '2023-11-18 19:37:24', 620, 0, 620, 'Cash', -4380, 5000),
       (90, '2023-11-18 19:38:31', 230, 0, 230, 'Cash', -270, 500),
       (91, '2023-11-18 19:41:57', 125, 0, 125, 'Cash', 0, 125),
       (92, '2023-11-18 19:43:27', 610, 0, 610, 'Cash', -390, 1000),
       (93, '2023-11-18 19:44:47', 50, 0, 50, 'Cash', 0, 50),
       (94, '2023-11-18 19:45:57', 50, 0, 50, 'Cash', 0, 50),
       (95, '2023-11-18 19:48:45', 175, 0, 175, 'Cash', -15, 190),
       (96, '2023-11-18 19:59:44', 360, 0, 360, 'Cash', -640, 1000),
       (97, '2023-11-18 20:04:16', 755, 0, 755, 'Cash', -245, 1000),
       (98, '2023-11-18 20:32:48', 260, 0, 260, 'Cash', -1740, 2000),
       (99, '2023-11-18 20:37:59', 160, 0, 160, 'Cash', 0, 160),
       (100, '2023-11-18 20:40:54', 1330, 0, 1330, 'Cash', -10, 1340),
       (101, '2023-11-18 20:41:34', 580, 0, 580, 'Cash', -20, 600),
       (102, '2023-11-18 20:52:00', 170, 0, 170, 'Cash', -30, 200),
       (103, '2023-11-18 21:05:52', 120, 0, 120, 'Cash', -380, 500),
       (104, '2023-11-19 08:40:23', 510, 0, 510, 'Cash', -40, 550),
       (105, '2023-11-19 08:50:10', 390, 0, 390, 'Cash', -10, 400),
       (106, '2023-11-19 09:04:56', 5276.5, 0, 5276.5, 'Cash', -223.5, 5500),
       (107, '2023-11-19 09:05:46', 200, 0, 200, 'Cash', -23.5, 223.5),
       (108, '2023-11-19 09:13:55', 295, 0, 295, 'Cash', -205, 500),
       (109, '2023-11-19 09:30:54', 175, 0, 175, 'Cash', -5, 180),
       (110, '2023-11-19 10:06:26', 160, 0, 160, 'Cash', -340, 500),
       (111, '2023-11-19 10:12:11', 300, 0, 300, 'Cash', -200, 500),
       (112, '2023-11-19 10:16:45', 841.05, 0, 841.05, 'Cash', -158.95, 1000),
       (113, '2023-11-19 10:20:46', 50, 0, 50, 'Cash', 0, 50),
       (114, '2023-11-19 10:57:46', 190, 0, 190, 'Cash', -10, 200),
       (115, '2023-11-19 11:21:49', 50, 0, 50, 'Cash', -50, 100),
       (116, '2023-11-19 11:56:41', 3553.75, 0, 3553.75, 'Cash', -16.25, 3570),
       (117, '2023-11-19 12:31:36', 80, 0, 80, 'Cash', 0, 80),
       (118, '2023-11-19 14:43:09', 1265, 0, 1265, 'Cash', -235, 1500),
       (119, '2023-11-19 14:52:34', 700, 0, 700, 'Cash', 0, 700),
       (120, '2023-11-19 15:04:00', 200, 0, 200, 'Cash', -300, 500),
       (121, '2023-11-19 15:05:06', 220, 0, 220, 'Cash', -80, 300),
       (122, '2023-11-19 15:13:44', 100, 0, 100, 'Cash', 0, 100),
       (123, '2023-11-19 15:15:10', 90, 0, 90, 'Cash', 0, 90),
       (124, '2023-11-19 16:00:38', 895, 0, 895, 'Cash', -105, 1000),
       (125, '2023-11-19 17:20:59', 255, 0, 255, 'Cash', -745, 1000),
       (126, '2023-11-19 17:23:44', 100, 0, 100, 'Cash', 0, 100),
       (127, '2023-11-19 17:28:34', 137.5, 0, 137.5, 'Cash', -62.5, 200),
       (128, '2023-11-19 17:39:05', 1050, 0, 1050, 'Cash', -3950, 5000),
       (129, '2023-11-19 17:51:09', 2280, 0, 2280, 'Cash', -2720, 5000),
       (130, '2023-11-19 18:04:35', 260, 0, 260, 'Cash', -40, 300),
       (131, '2023-11-19 18:24:08', 550, 0, 550, 'Cash', 0, 550),
       (132, '2023-11-19 18:24:58', 170, 0, 170, 'Cash', -30, 200),
       (133, '2023-11-19 18:26:09', 45, 0, 45, 'Cash', 0, 45),
       (134, '2023-11-19 18:30:47', 250, 0, 250, 'Cash', -250, 500),
       (135, '2023-11-19 18:32:15', 220, 0, 220, 'Cash', -30, 250),
       (136, '2023-11-19 18:38:36', 750, 0, 750, 'Cash', -50, 800),
       (137, '2023-11-19 20:13:11', 1330, 0, 1330, 'Cash', -3670, 5000),
       (138, '2023-11-19 20:20:12', 3047, 0, 3047, 'Cash', -3, 3050),
       (139, '2023-11-19 20:29:20', 50, 0, 50, 'Cash', 0, 50),
       (140, '2023-11-19 21:01:01', 275, 0, 275, 'Cash', 0, 275),
       (141, '2023-11-19 21:09:23', 215, 0, 215, 'Cash', -285, 500),
       (142, '2023-11-19 21:27:30', 100, 0, 100, 'Cash', 0, 100),
       (143, '2023-11-20 07:57:15', 175, 0, 175, 'Cash', -4825, 5000),
       (144, '2023-11-20 08:07:57', 30, 0, 30, 'Cash', -70, 100),
       (145, '2023-11-20 09:32:53', 160, 0, 160, 'Cash', 0, 160),
       (146, '2023-11-20 09:43:19', 115, 0, 115, 'Cash', 0, 115),
       (147, '2023-11-20 11:13:04', 330, 0, 330, 'Cash', -170, 500),
       (148, '2023-11-20 11:28:45', 50, 0, 50, 'Cash', -50, 100),
       (149, '2023-11-20 12:38:09', 275, 0, 275, 'Cash', -15, 290),
       (150, '2023-11-20 12:41:36', 250, 0, 250, 'Cash', 0, 250),
       (151, '2023-11-20 13:18:45', 175, 0, 175, 'Cash', -1825, 2000),
       (152, '2023-11-20 13:32:03', 175, 0, 175, 'Cash', -325, 500),
       (153, '2023-11-20 13:32:49', 20, 0, 20, 'Cash', 0, 20),
       (154, '2023-11-20 13:36:45', 175, 0, 175, 'Cash', -25, 200),
       (155, '2023-11-20 14:41:28', 50, 0, 50, 'Cash', 0, 50),
       (156, '2023-11-20 14:45:49', 295, 0, 295, 'Cash', 0, 295),
       (158, '2023-11-20 14:46:29', 73.75, 0, 73.75, 'Cash', 0, 73.75),
       (159, '2023-11-20 14:50:49', 290, 0, 290, 'Cash', -210, 500),
       (160, '2023-11-20 15:32:08', 3480, 0, 3480, 'Cash', -1520, 5000),
       (161, '2023-11-20 15:40:22', 50, 0, 50, 'Cash', -50, 100),
       (162, '2023-11-20 15:45:41', 50, 0, 50, 'Cash', 0, 50),
       (163, '2023-11-20 16:10:17', 490, 0, 490, 'Cash', -10, 500),
       (164, '2023-11-20 16:45:15', 150, 0, 150, 'Cash', -350, 500),
       (165, '2023-11-20 16:55:47', 277.5, 0, 277.5, 'Cash', -722.5, 1000),
       (166, '2023-11-20 17:03:02', 1190, 0, 1190, 'Cash', -10, 1200),
       (167, '2023-11-20 17:15:24', 590, 0, 590, 'Cash', -410, 1000),
       (168, '2023-11-20 17:40:14', 20, 0, 20, 'Cash', -30, 50),
       (169, '2023-11-20 18:12:38', 60, 0, 60, 'Cash', 0, 60),
       (170, '2023-11-20 18:21:35', 300, 0, 300, 'Cash', -700, 1000),
       (171, '2023-11-20 18:26:08', 160, 0, 160, 'Cash', -40, 200),
       (172, '2023-11-20 18:26:37', 1100, 0, 1100, 'Cash', 0, 1100),
       (173, '2023-11-20 18:57:01', 200, 0, 200, 'Cash', -300, 500),
       (174, '2023-11-20 19:26:13', 260, 0, 260, 'Cash', -240, 500),
       (175, '2023-11-20 19:28:57', 1060, 0, 1060, 'Cash', -40, 1100),
       (176, '2023-11-20 19:29:33', 1250, 0, 1250, 'Cash', -250, 1500),
       (177, '2023-11-20 19:35:26', 414, 0, 414, 'Cash', -86, 500),
       (178, '2023-11-20 19:42:58', 240, 0, 240, 'Cash', -260, 500),
       (179, '2023-11-20 19:48:19', 100, 0, 100, 'Cash', 0, 100),
       (180, '2023-11-20 19:53:32', 295, 0, 295, 'Cash', -5, 300),
       (181, '2023-11-20 19:57:20', 295, 0, 295, 'Cash', -5, 300),
       (182, '2023-11-20 20:09:57', 300, 0, 300, 'Cash', -200, 500),
       (183, '2023-11-20 20:18:54', 160, 0, 160, 'Cash', -40, 200),
       (184, '2023-11-20 20:37:25', 1100, 0, 1100, 'Cash', -900, 2000),
       (185, '2023-11-20 20:38:40', 180, 0, 180, 'Cash', -20, 200),
       (186, '2023-11-20 20:59:36', 320, 0, 320, 'Cash', -180, 500),
       (187, '2023-11-20 21:16:46', 50, 0, 50, 'Cash', 0, 50),
       (188, '2023-11-20 21:33:16', 6035, 0, 6035, 'Cash', -3965, 10000),
       (189, '2023-11-20 21:37:12', 370, 0, 370, 'Cash', 0, 370),
       (190, '2023-11-20 21:54:32', 130, 0, 130, 'Cash', -20, 150),
       (191, '2023-11-21 07:35:07', 175, 0, 175, 'Cash', -25, 200),
       (192, '2023-11-21 16:18:55', 120, 0, 120, 'Cash', 0, 120),
       (193, '2023-11-21 17:22:40', 2590, 0, 2590, 'Cash', -2410, 5000),
       (194, '2023-11-21 19:23:45', 367.5, 0, 367.5, 'Cash', -132.5, 500),
       (195, '2023-11-21 19:28:49', 2855, 0, 2855, 'Cash', -145, 3000),
       (196, '2023-11-21 19:38:56', 650, 0, 650, 'Cash', -50, 700),
       (197, '2023-11-21 20:07:03', 1080, 0, 1080, 'Cash', -20, 1100),
       (198, '2023-11-21 20:23:25', 3497, 0, 3497, 'Cash', -1503, 5000),
       (199, '2023-11-21 20:24:58', 300, 0, 300, 'Cash', -200, 500),
       (200, '2023-11-21 20:25:27', 290, 0, 290, 'Cash', -210, 500),
       (201, '2023-11-21 20:28:15', 1100, 0, 1100, 'Cash', 0, 1100),
       (202, '2023-11-21 20:35:34', 405, 0, 405, 'Cash', 0, 405),
       (203, '2023-11-21 20:36:49', 2335, 0, 2335, 'Cash', 0, 2335),
       (204, '2023-11-21 20:37:15', 275, 0, 275, 'Cash', 0, 275),
       (205, '2023-11-21 20:38:56', 237.5, 0, 237.5, 'Cash', 0, 237.5),
       (206, '2023-11-21 20:41:30', 1380, 0, 1380, 'Cash', 0, 1380),
       (207, '2023-11-21 20:42:03', 120, 0, 120, 'Cash', 0, 120),
       (208, '2023-11-21 20:42:58', 40, 0, 40, 'Cash', 0, 40),
       (209, '2023-11-21 20:44:32', 160, 0, 160, 'Cash', 0, 160),
       (210, '2023-11-21 20:44:59', 405, 0, 405, 'Cash', 0, 405),
       (211, '2023-11-21 20:45:39', 100, 0, 100, 'Cash', 0, 100),
       (212, '2023-11-21 20:45:57', 200, 0, 200, 'Cash', 0, 200),
       (213, '2023-11-21 20:47:36', 945, 0, 945, 'Cash', 0, 945),
       (214, '2023-11-21 20:48:10', 310, 0, 310, 'Cash', 0, 310),
       (215, '2023-11-21 20:48:37', 100, 0, 100, 'Cash', 0, 100),
       (216, '2023-11-21 20:49:27', 650, 0, 650, 'Cash', 0, 650),
       (217, '2023-11-21 20:50:24', 150, 0, 150, 'Cash', 0, 150),
       (218, '2023-11-21 20:51:28', 200, 0, 200, 'Cash', 0, 200),
       (219, '2023-11-21 20:51:47', 825, 0, 825, 'Cash', 0, 825),
       (220, '2023-11-21 20:55:08', 1480, 0, 1480, 'Cash', 0, 1480),
       (221, '2023-11-21 20:55:43', 200, 0, 200, 'Cash', 0, 200),
       (222, '2023-11-21 20:56:53', 180, 0, 180, 'Cash', 0, 180),
       (223, '2023-11-21 20:57:46', 470, 0, 470, 'Cash', 0, 470),
       (224, '2023-11-21 20:58:03', 50, 0, 50, 'Cash', 0, 50),
       (225, '2023-11-21 20:58:20', 150, 0, 150, 'Cash', 0, 150),
       (226, '2023-11-21 20:59:02', 70, 0, 70, 'Cash', 0, 70),
       (227, '2023-11-21 21:13:04', 270, 0, 270, 'Cash', -230, 500),
       (228, '2023-11-21 21:15:14', 290, 0, 290, 'Cash', -10, 300),
       (229, '2023-11-21 21:16:15', 220, 0, 220, 'Cash', 0, 220),
       (230, '2023-11-21 21:25:56', 1620.5, 0, 1620.5, 'Cash', 0, 1620.5),
       (231, '2023-11-21 21:26:26', 25, 0, 25, 'Cash', 0, 25),
       (232, '2023-11-22 09:28:28', 320, 0, 320, 'Cash', -680, 1000),
       (233, '2023-11-22 09:32:35', 275, 0, 275, 'Cash', 0, 275),
       (234, '2023-11-22 09:38:23', 10, 0, 10, 'Cash', -40, 50),
       (235, '2023-11-22 09:55:51', 235, 0, 235, 'Cash', -15, 250),
       (236, '2023-11-22 10:10:00', 210, 0, 210, 'Cash', 0, 210),
       (237, '2023-11-22 10:26:45', 175, 0, 175, 'Cash', -325, 500),
       (238, '2023-11-22 10:58:00', 3189.75, 0, 3189.75, 'Cash', -1810.25, 5000),
       (239, '2023-11-22 11:07:13', 1320, 0, 1320, 'Cash', -180, 1500),
       (240, '2023-11-22 11:26:08', 275, 0, 275, 'Cash', -225, 500),
       (242, '2023-11-22 12:01:25', 1050, 0, 1050, 'Cash', 0, 1050),
       (244, '2023-11-22 12:36:13', 1100, 0, 1100, 'Cash', 0, 1100),
       (245, '2023-11-22 13:25:49', 230, 0, 230, 'Cash', -270, 500),
       (247, '2023-11-22 15:18:33', 120, 0, 120, 'Cash', 0, 120),
       (248, '2023-11-22 15:20:48', 3200, 0, 3200, 'Cash', 0, 3200),
       (249, '2023-11-22 15:50:07', 20, 0, 20, 'Cash', 0, 20),
       (250, '2023-11-22 16:08:18', 60, 0, 60, 'Cash', 0, 60),
       (251, '2023-11-22 16:14:47', 170, 0, 170, 'Cash', 0, 170),
       (252, '2023-11-22 16:27:33', 730, 0, 730, 'Cash', -270, 1000),
       (253, '2023-11-22 16:31:12', 160, 0, 160, 'Cash', -40, 200),
       (254, '2023-11-22 16:32:12', 1100, 0, 1100, 'Cash', 0, 1100),
       (255, '2023-11-22 17:34:28', 80, 0, 80, 'Cash', -20, 100),
       (256, '2023-11-22 18:01:19', 150, 0, 150, 'Cash', 0, 150),
       (257, '2023-11-22 18:03:39', 150, 0, 150, 'Cash', 0, 150),
       (258, '2023-11-22 18:16:07', 1965, 0, 1965, 'Cash', -35, 2000),
       (259, '2023-11-22 18:20:00', 294, 0, 294, 'Cash', -4706, 5000),
       (260, '2023-11-22 18:21:29', 120, 0, 120, 'Cash', 0, 120),
       (261, '2023-11-22 18:22:39', 400, 0, 400, 'Cash', 0, 400),
       (262, '2023-11-22 18:27:21', 310, 0, 310, 'Cash', -190, 500),
       (263, '2023-11-22 18:48:53', 200, 0, 200, 'Cash', 0, 200),
       (264, '2023-11-22 18:53:54', 80, 0, 80, 'Cash', -20, 100),
       (265, '2023-11-22 19:00:35', 59, 0, 59, 'Cash', 0, 59),
       (266, '2023-11-22 19:02:50', 260, 0, 260, 'Cash', -740, 1000),
       (267, '2023-11-22 19:05:11', 240, 0, 240, 'Cash', 0, 240),
       (268, '2023-11-22 19:11:22', 1080, 0, 1080, 'Cash', -20, 1100),
       (269, '2023-11-22 19:35:42', 990, 0, 990, 'Cash', -10, 1000),
       (270, '2023-11-22 19:48:40', 60, 0, 60, 'Cash', -40, 100),
       (271, '2023-11-22 19:50:23', 150, 0, 150, 'Cash', -350, 500),
       (272, '2023-11-22 19:53:38', 40, 0, 40, 'Cash', 0, 40),
       (273, '2023-11-22 20:04:08', 360, 0, 360, 'Cash', -640, 1000),
       (274, '2023-11-22 20:32:08', 280, 0, 280, 'Cash', -220, 500),
       (275, '2023-11-22 20:40:33', 180, 0, 180, 'Cash', -320, 500),
       (279, '2023-11-23 08:35:38', 273.5, 0, 273.5, 'Cash', -26.5, 300),
       (280, '2023-11-23 08:43:28', 280, 0, 280, 'Cash', -20, 300),
       (281, '2023-11-23 08:49:36', 145, 0, 145, 'Cash', -55, 200),
       (282, '2023-11-23 09:07:54', 550, 0, 550, 'Cash', -50, 600),
       (283, '2023-11-23 09:11:22', 110, 0, 110, 'Cash', -10, 120),
       (284, '2023-11-23 09:15:32', 7.5, 0, 7.5, 'Cash', -2.5, 10),
       (285, '2023-11-23 09:34:11', 40, 0, 40, 'Cash', -10, 50),
       (286, '2023-11-23 12:19:03', 1075, 0, 1075, 'Cash', -25, 1100),
       (287, '2023-11-23 12:23:27', 730, 0, 730, 'Cash', 0, 730),
       (288, '2023-11-23 12:23:47', 25, 0, 25, 'Cash', 0, 25),
       (289, '2023-11-23 12:44:00', 210, 0, 210, 'Cash', -90, 300),
       (290, '2023-11-23 12:46:07', 668, 0, 668, 'Cash', -32, 700),
       (291, '2023-11-23 12:49:50', 40, 0, 40, 'Cash', 0, 40),
       (292, '2023-11-23 12:51:37', 820, 0, 820, 'Cash', -180, 1000),
       (293, '2023-11-23 13:16:30', 90, 0, 90, 'Cash', -10, 100),
       (294, '2023-11-23 13:44:36', 200, 0, 200, 'Cash', 0, 200),
       (295, '2023-11-23 13:52:17', 130, 0, 130, 'Cash', 0, 130),
       (296, '2023-11-23 15:26:42', 100, 0, 100, 'Cash', 0, 100),
       (297, '2023-11-23 15:27:36', 350, 0, 350, 'Cash', 0, 350),
       (298, '2023-11-23 15:31:31', 1837, 0, 1837, 'Cash', -3163, 5000),
       (299, '2023-11-23 15:32:49', 230, 0, 230, 'Cash', 0, 230),
       (300, '2023-11-23 15:45:11', 415, 0, 415, 'Cash', -4585, 5000),
       (301, '2023-11-23 15:47:58', 120, 0, 120, 'Cash', 0, 120),
       (302, '2023-11-23 15:51:21', 100, 0, 100, 'Cash', -400, 500),
       (303, '2023-11-23 17:12:43', 160, 0, 160, 'Cash', 0, 160),
       (304, '2023-11-23 17:37:11', 110, 0, 110, 'Cash', -90, 200),
       (305, '2023-11-23 17:45:40', 119, 0, 119, 'Cash', 0, 119),
       (306, '2023-11-23 17:50:41', 50, 0, 50, 'Cash', 0, 50),
       (307, '2023-11-23 18:20:11', 4284, 0, 4284, 'Cash', -716, 5000),
       (308, '2023-11-23 18:36:04', 2650, 0, 2650, 'Cash', -2350, 5000),
       (309, '2023-11-23 18:40:58', 40, 0, 40, 'Cash', 0, 40),
       (310, '2023-11-23 18:59:20', 2309.46, 0, 2309.46, 'Cash', 0, 2309.46),
       (311, '2023-11-23 19:08:06', 160, 0, 160, 'Cash', -340, 500),
       (312, '2023-11-23 19:09:27', 110, 0, 110, 'Cash', 0, 110),
       (313, '2023-11-23 19:28:50', 960, 0, 960, 'Cash', -40, 1000),
       (314, '2023-11-23 19:48:26', 410, 0, 410, 'Cash', -90, 500),
       (315, '2023-11-23 19:50:32', 140, 0, 140, 'Cash', -10, 150),
       (316, '2023-11-23 20:20:21', 7384.86, 0, 7384.86, 'Cash', -2615.14, 10000),
       (317, '2023-11-23 20:42:17', 205, 0, 205, 'Cash', -295, 500),
       (318, '2023-11-23 20:43:51', 80, 0, 80, 'Cash', 0, 80),
       (319, '2023-11-23 20:46:31', 430, 0, 430, 'Cash', -570, 1000),
       (320, '2023-11-23 20:59:05', 350, 0, 350, 'Cash', 0, 350),
       (321, '2023-11-23 21:05:36', 1930, 0, 1930, 'Cash', -70, 2000),
       (322, '2023-11-23 21:24:04', 250, 0, 250, 'Cash', -10, 260),
       (323, '2023-11-23 21:33:40', 494, 0, 494, 'Cash', -6, 500),
       (324, '2023-11-23 21:49:14', 1780, 0, 1780, 'Cash', -220, 2000),
       (325, '2023-11-23 21:52:16', 630, 0, 630, 'Cash', -20, 650),
       (326, '2023-11-24 08:23:29', 150, 0, 150, 'Cash', 0, 150),
       (327, '2023-11-24 09:04:42', 130, 0, 130, 'Cash', -370, 500),
       (328, '2023-11-24 09:13:30', 505, 0, 505, 'Cash', -45, 550),
       (329, '2023-11-24 09:27:57', 650, 0, 650, 'Cash', -350, 1000),
       (330, '2023-11-24 10:37:18', 420, 0, 420, 'Cash', -580, 1000),
       (331, '2023-11-24 11:32:22', 1100, 0, 1100, 'Cash', -4000, 5100),
       (332, '2023-11-24 11:49:36', 100, 0, 100, 'Cash', 0, 100),
       (333, '2023-11-24 12:03:51', 160, 0, 160, 'Cash', -40, 200),
       (334, '2023-11-24 13:06:39', 608.75, 0, 608.75, 'Cash', -391.25, 1000),
       (335, '2023-11-24 13:25:07', 780, 0, 780, 'Cash', -220, 1000),
       (336, '2023-11-24 14:37:08', 50, 0, 50, 'Cash', -950, 1000),
       (337, '2023-11-24 15:09:24', 1085, 0, 1085, 'Cash', -3915, 5000),
       (338, '2023-11-24 15:34:20', 50, 0, 50, 'Cash', 0, 50),
       (339, '2023-11-24 16:17:01', 60, 0, 60, 'Cash', -40, 100),
       (340, '2023-11-24 16:32:29', 2577.2, 0, 2577.2, 'Cash', -2422.8, 5000),
       (341, '2023-11-24 16:36:26', 1365, 0, 1365, 'Cash', -635, 2000),
       (342, '2023-11-24 16:38:19', 3250, 0, 3250, 'Cash', -1750, 5000),
       (343, '2023-11-24 16:52:45', 275, 0, 275, 'Cash', -225, 500),
       (344, '2023-11-24 16:54:38', 590, 0, 590, 'Cash', 0, 590),
       (345, '2023-11-24 17:10:41', 1500, 0, 1500, 'Cash', 0, 1500),
       (346, '2023-11-24 17:27:23', 1688.5, 0, 1688.5, 'Cash', -11.5, 1700),
       (347, '2023-11-24 17:46:59', 240, 0, 240, 'Cash', -60, 300),
       (348, '2023-11-24 17:57:18', 3072, 0, 3072, 'Cash', -28, 3100),
       (349, '2023-11-24 17:59:33', 1142.5, 0, 1142.5, 'Cash', -357.5, 1500),
       (350, '2023-11-24 18:25:41', 280, 0, 280, 'Cash', -720, 1000),
       (351, '2023-11-24 18:29:08', 180, 0, 180, 'Cash', -20, 200),
       (352, '2023-11-24 18:37:30', 230, 0, 230, 'Cash', -270, 500),
       (353, '2023-11-24 18:38:12', 50, 0, 50, 'Cash', 0, 50),
       (354, '2023-11-24 18:41:13', 510, 0, 510, 'Cash', -500, 1010),
       (355, '2023-11-24 18:43:16', 280, 0, 280, 'Cash', -20, 300),
       (356, '2023-11-24 19:06:14', 390, 0, 390, 'Cash', -110, 500),
       (357, '2023-11-24 19:14:36', 510, 0, 510, 'Cash', -490, 1000),
       (358, '2023-11-24 19:20:17', 740, 0, 740, 'Cash', -260, 1000),
       (359, '2023-11-24 19:25:34', 80, 0, 80, 'Cash', -20, 100),
       (360, '2023-11-24 19:41:22', 90, 0, 90, 'Cash', 0, 90),
       (361, '2023-11-24 19:44:15', 200, 0, 200, 'Cash', 0, 200),
       (362, '2023-11-24 19:57:12', 200, 0, 200, 'Cash', -300, 500),
       (363, '2023-11-24 20:00:28', 1672.5, 0, 1672.5, 'Cash', -3327.5, 5000),
       (364, '2023-11-24 20:17:31', 240, 0, 240, 'Cash', -260, 500),
       (365, '2023-11-24 20:38:39', 310, 0, 310, 'Cash', -690, 1000),
       (366, '2023-11-24 20:53:07', 890, 0, 890, 'Cash', -4110, 5000),
       (367, '2023-11-24 20:55:24', 180, 0, 180, 'Cash', -20, 200),
       (368, '2023-11-24 21:03:47', 2325, 0, 2325, 'Cash', -675, 3000),
       (369, '2023-11-24 21:12:34', 1725, 0, 1725, 'Cash', -275, 2000),
       (370, '2023-11-24 21:16:44', 100, 0, 100, 'Cash', 0, 100),
       (371, '2023-11-24 21:25:38', 520, 0, 520, 'Cash', 0, 520),
       (372, '2023-11-24 21:31:00', 230, 0, 230, 'Cash', -770, 1000),
       (373, '2023-11-25 09:21:09', 680, 0, 680, 'Cash', -320, 1000),
       (374, '2023-11-25 09:21:48', 350, 0, 350, 'Cash', 0, 350),
       (375, '2023-11-25 10:33:42', 70, 0, 70, 'Cash', -30, 100),
       (376, '2023-11-25 10:48:26', 220, 0, 220, 'Cash', -4780, 5000),
       (377, '2023-11-25 10:49:26', 100, 0, 100, 'Cash', 0, 100),
       (378, '2023-11-25 10:56:51', 100, 0, 100, 'Cash', 0, 100),
       (379, '2023-11-25 11:58:31', 275, 0, 275, 'Cash', 0, 275),
       (380, '2023-11-25 12:27:05', 620, 0, 620, 'Cash', -380, 1000),
       (381, '2023-11-25 12:30:43', 15, 0, 15, 'Cash', -5, 20),
       (382, '2023-11-25 12:31:16', 5, 0, 5, 'Cash', 0, 5),
       (383, '2023-11-25 13:07:06', 500, 0, 500, 'Cash', 0, 500),
       (384, '2023-11-25 13:12:04', 1115, 0, 1115, 'Cash', -885, 2000),
       (385, '2023-11-25 13:20:33', 4112.5, 0, 4112.5, 'Cash', -887.5, 5000),
       (386, '2023-11-25 14:14:09', 300, 0, 300, 'Cash', 0, 300),
       (387, '2023-11-25 14:22:46', 150, 0, 150, 'Cash', -50, 200),
       (388, '2023-11-25 14:23:15', 80, 0, 80, 'Cash', -20, 100),
       (389, '2023-11-25 15:15:10', 180, 0, 180, 'Cash', -20, 200),
       (390, '2023-11-25 15:22:35', 80, 0, 80, 'Cash', -20, 100),
       (391, '2023-11-25 15:40:16', 20, 0, 20, 'Cash', -80, 100),
       (392, '2023-11-25 15:56:46', 340, 0, 340, 'Cash', -660, 1000),
       (393, '2023-11-25 16:08:16', 420, 0, 420, 'Cash', -80, 500),
       (394, '2023-11-25 17:15:30', 150, 0, 150, 'Cash', 0, 150),
       (395, '2023-11-25 17:19:33', 335, 0, 335, 'Cash', 0, 335),
       (396, '2023-11-25 17:26:22', 100, 0, 100, 'Cash', 0, 100),
       (397, '2023-11-25 17:34:18', 140, 0, 140, 'Cash', -10, 150),
       (398, '2023-11-25 17:49:40', 34, 0, 34, 'Cash', -6, 40),
       (399, '2023-11-25 17:57:48', 2431, 0, 2431, 'Cash', -2569, 5000),
       (400, '2023-11-25 18:00:27', 4710, 0, 4710, 'Cash', -290, 5000),
       (401, '2023-11-25 18:12:41', 84, 0, 84, 'Cash', 0, 84),
       (402, '2023-11-25 18:24:03', 1200, 0, 1200, 'Cash', -800, 2000),
       (403, '2023-11-25 18:35:08', 130, 0, 130, 'Cash', -70, 200),
       (404, '2023-11-25 18:45:49', 1050, 0, 1050, 'Cash', 0, 1050),
       (405, '2023-11-25 18:46:14', 20, 0, 20, 'Cash', 0, 20),
       (406, '2023-11-25 18:57:41', 120, 0, 120, 'Cash', -880, 1000),
       (407, '2023-11-25 19:12:16', 440, 0, 440, 'Cash', -60, 500),
       (408, '2023-11-25 19:21:16', 300, 0, 300, 'Cash', -700, 1000),
       (409, '2023-11-25 19:27:41', 4137.5, 0, 4137.5, 'Cash', -12.5, 4150),
       (410, '2023-11-25 19:34:15', 240, 0, 240, 'Cash', -4760, 5000),
       (411, '2023-11-25 19:43:53', 168, 0, 168, 'Cash', -32, 200),
       (412, '2023-11-25 19:44:47', 700, 0, 700, 'Cash', -4300, 5000),
       (413, '2023-11-25 19:47:47', 160, 0, 160, 'Cash', -840, 1000),
       (414, '2023-11-25 19:49:07', 220, 0, 220, 'Cash', 0, 220),
       (415, '2023-11-25 19:52:46', 84, 0, 84, 'Cash', -16, 100),
       (416, '2023-11-25 19:54:42', 480, 0, 480, 'Cash', -20, 500),
       (417, '2023-11-25 20:08:17', 150, 0, 150, 'Cash', -850, 1000),
       (418, '2023-11-25 20:20:13', 380, 0, 380, 'Cash', -120, 500),
       (419, '2023-11-25 20:20:43', 180, 0, 180, 'Cash', -20, 200),
       (420, '2023-11-25 20:41:56', 1120, 0, 1120, 'Cash', 0, 1120),
       (421, '2023-11-26 08:56:57', 540, 0, 540, 'Cash', -460, 1000),
       (422, '2023-11-26 08:58:53', 150, 0, 150, 'Cash', 0, 150),
       (423, '2023-11-26 09:22:28', 200, 0, 200, 'Cash', 0, 200),
       (424, '2023-11-26 09:34:41', 250, 0, 250, 'Cash', -10, 260),
       (425, '2023-11-26 09:42:06', 280, 0, 280, 'Cash', -220, 500),
       (426, '2023-11-26 09:48:56', 240, 0, 240, 'Cash', -260, 500),
       (427, '2023-11-26 09:54:40', 1170, 0, 1170, 'Cash', -3830, 5000),
       (428, '2023-11-26 10:00:13', 130, 0, 130, 'Cash', -20, 150),
       (429, '2023-11-26 10:05:26', 69.9, 0, 69.9, 'Cash', 0, 69.9),
       (430, '2023-11-26 10:06:45', 440, 0, 440, 'Cash', -560, 1000),
       (431, '2023-11-26 10:33:06', 10, 0, 10, 'Cash', -40, 50),
       (432, '2023-11-26 11:13:38', 150, 0, 150, 'Cash', -50, 200),
       (433, '2023-11-26 11:18:44', 214, 0, 214, 'Cash', 0, 214),
       (434, '2023-11-26 11:28:42', 490, 0, 490, 'Cash', -10, 500),
       (435, '2023-11-26 11:29:54', 250, 0, 250, 'Cash', 0, 250),
       (436, '2023-11-26 11:31:47', 150, 0, 150, 'Cash', -350, 500),
       (437, '2023-11-26 11:43:18', 110, 0, 110, 'Cash', -10, 120),
       (438, '2023-11-26 11:43:36', 260, 0, 260, 'Cash', -240, 500),
       (439, '2023-11-26 11:55:15', 1460, 0, 1460, 'Cash', -40, 1500),
       (440, '2023-11-26 11:59:40', 160, 0, 160, 'Cash', 0, 160),
       (441, '2023-11-26 12:05:34', 110, 0, 110, 'Cash', -90, 200),
       (442, '2023-11-26 12:17:40', 700, 0, 700, 'Cash', -300, 1000),
       (443, '2023-11-26 12:20:24', 80, 0, 80, 'Cash', 0, 80),
       (444, '2023-11-26 12:28:18', 770, 0, 770, 'Cash', -230, 1000),
       (445, '2023-11-26 12:45:43', 270, 0, 270, 'Cash', -230, 500),
       (446, '2023-11-26 13:14:22', 90, 0, 90, 'Cash', -10, 100),
       (447, '2023-11-26 13:20:27', 300, 0, 300, 'Cash', -700, 1000),
       (448, '2023-11-26 13:37:32', 320, 0, 320, 'Cash', -200, 520),
       (449, '2023-11-26 13:44:23', 800, 0, 800, 'Cash', -200, 1000),
       (450, '2023-11-26 13:52:47', 190, 0, 190, 'Cash', -310, 500),
       (451, '2023-11-26 13:53:23', 126, 0, 126, 'Cash', -24, 150),
       (452, '2023-11-26 14:14:07', 100, 0, 100, 'Cash', -400, 500),
       (453, '2023-11-26 14:20:18', 1100, 0, 1100, 'Cash', 0, 1100),
       (454, '2023-11-26 14:21:00', 390, 0, 390, 'Cash', -110, 500),
       (455, '2023-11-26 14:28:15', 190, 0, 190, 'Cash', -810, 1000),
       (456, '2023-11-26 14:29:50', 100, 0, 100, 'Cash', 0, 100),
       (457, '2023-11-26 14:31:57', 250, 0, 250, 'Cash', -750, 1000),
       (458, '2023-11-26 14:41:39', 140, 0, 140, 'Cash', 0, 140),
       (459, '2023-11-26 15:01:26', 50, 0, 50, 'Cash', 0, 50),
       (460, '2023-11-26 15:05:14', 50, 0, 50, 'Cash', 0, 50),
       (461, '2023-11-26 15:18:13', 2427.5, 0, 2427.5, 'Cash', -72.5, 2500),
       (462, '2023-11-26 15:20:30', 1015, 0, 1015, 'Cash', -985, 2000),
       (463, '2023-11-26 15:22:07', 160, 0, 160, 'Cash', 0, 160),
       (464, '2023-11-26 15:58:31', 1801.1, 0, 1801.1, 'Cash', -198.9, 2000),
       (465, '2023-11-26 16:10:09', 1080, 0, 1080, 'Cash', 0, 1080),
       (466, '2023-11-26 16:27:46', 100, 0, 100, 'Cash', 0, 100),
       (467, '2023-11-26 16:38:01', 140, 0, 140, 'Cash', 0, 140),
       (468, '2023-11-26 16:39:05', 560, 0, 560, 'Cash', -4440, 5000),
       (469, '2023-11-26 16:40:07', 120, 0, 120, 'Cash', 0, 120),
       (470, '2023-11-26 16:40:51', 180, 0, 180, 'Cash', -20, 200),
       (471, '2023-11-26 17:24:31', 700, 0, 700, 'Cash', -300, 1000),
       (472, '2023-11-26 17:29:53', 742.5, 0, 742.5, 'Cash', -257.5, 1000),
       (473, '2023-11-26 17:31:27', 20, 0, 20, 'Cash', 0, 20),
       (474, '2023-11-26 17:41:47', 1375, 0, 1375, 'Cash', -3625, 5000),
       (475, '2023-11-26 17:43:17', 100, 0, 100, 'Cash', 0, 100),
       (476, '2023-11-26 17:49:10', 350, 0, 350, 'Cash', -150, 500),
       (477, '2023-11-26 17:49:56', 35.7, 0, 35.7, 'Cash', -64.3, 100),
       (478, '2023-11-26 17:58:52', 1333.1, 0, 1333.1, 'Cash', -666.9, 2000),
       (479, '2023-11-26 17:59:36', 475, 0, 475, 'Cash', -25, 500),
       (480, '2023-11-26 18:04:50', 110, 0, 110, 'Cash', 0, 110),
       (481, '2023-11-26 18:25:22', 380, 0, 380, 'Cash', -120, 500),
       (482, '2023-11-26 18:39:33', 802.5, 0, 802.5, 'Cash', -4197.5, 5000),
       (483, '2023-11-26 18:41:03', 540, 0, 540, 'Cash', -10, 550),
       (484, '2023-11-26 18:41:47', 420, 0, 420, 'Cash', -80, 500),
       (485, '2023-11-26 18:43:41', 320, 0, 320, 'Cash', -30, 350),
       (486, '2023-11-26 18:48:14', 2195, 0, 2195, 'Cash', -2805, 5000),
       (487, '2023-11-26 18:52:13', 1480, 0, 1480, 'Cash', -20, 1500),
       (488, '2023-11-26 19:13:11', 160, 0, 160, 'Cash', 0, 160),
       (489, '2023-11-26 19:27:13', 2844.75, 0, 2844.75, 'Cash', -155.25, 3000),
       (490, '2023-11-26 19:37:02', 75, 0, 75, 'Cash', -5, 80),
       (491, '2023-11-26 19:55:48', 568, 0, 568, 'Cash', -432, 1000),
       (492, '2023-11-27 08:55:38', 25, 0, 25, 'Cash', 0, 25),
       (493, '2023-11-27 10:01:02', 70, 0, 70, 'Cash', -30, 100),
       (494, '2023-11-27 11:38:11', 510, 0, 510, 'Cash', -10, 520),
       (495, '2023-11-27 11:40:40', 40, 0, 40, 'Cash', 0, 40),
       (496, '2023-11-27 12:26:23', 600, 0, 600, 'Cash', -400, 1000),
       (497, '2023-11-27 12:44:45', 490, 0, 490, 'Cash', -10, 500),
       (498, '2023-11-27 14:03:24', 215, 0, 215, 'Cash', -85, 300),
       (499, '2023-11-27 14:08:32', 20, 0, 20, 'Cash', 0, 20),
       (500, '2023-11-27 14:15:04', 100, 0, 100, 'Cash', 0, 100),
       (501, '2023-11-27 14:15:18', 50, 0, 50, 'Cash', 0, 50),
       (502, '2023-11-27 14:17:58', 50, 0, 50, 'Cash', 0, 50),
       (503, '2023-11-27 14:18:58', 119, 0, 119, 'Cash', -1, 120),
       (504, '2023-11-27 14:36:12', 10, 0, 10, 'Cash', 0, 10),
       (505, '2023-11-27 14:36:31', 30, 0, 30, 'Cash', 0, 30),
       (506, '2023-11-27 14:39:38', 45, 0, 45, 'Cash', 0, 45),
       (507, '2023-11-27 14:40:17', 50, 0, 50, 'Cash', 0, 50),
       (508, '2023-11-27 14:41:00', 5, 0, 5, 'Cash', 0, 5),
       (509, '2023-11-27 14:46:08', 210, 0, 210, 'Cash', -10, 220),
       (510, '2023-11-27 14:47:57', 210, 0, 210, 'Cash', 0, 210),
       (511, '2023-11-27 14:50:21', 210, 0, 210, 'Cash', 0, 210),
       (512, '2023-11-27 15:24:12', 500, 0, 500, 'Cash', 0, 500),
       (513, '2023-11-27 16:34:20', 344, 0, 344, 'Cash', -156, 500),
       (514, '2023-11-27 16:49:01', 110, 0, 110, 'Cash', 0, 110),
       (515, '2023-11-27 16:56:20', 20, 0, 20, 'Cash', 0, 20),
       (516, '2023-11-27 17:19:09', 10, 0, 10, 'Cash', 0, 10),
       (517, '2023-11-27 18:03:18', 5894.5, 0, 5894.5, 'Cash', -105.5, 6000),
       (518, '2023-11-27 18:10:26', 6004.5, 0, 6004.5, 'Cash', -95.5, 6100),
       (519, '2023-11-27 18:12:17', 468, 0, 468, 'Cash', -4532, 5000),
       (520, '2023-11-27 18:13:06', 1080, 0, 1080, 'Cash', -20, 1100),
       (521, '2023-11-27 18:27:57', 220, 0, 220, 'Cash', 0, 220),
       (522, '2023-11-27 18:29:45', 540, 0, 540, 'Cash', -460, 1000),
       (523, '2023-11-27 18:39:56', 390, 0, 390, 'Cash', 0, 390),
       (524, '2023-11-27 18:43:57', 100, 0, 100, 'Cash', -400, 500),
       (525, '2023-11-27 18:45:38', 420, 0, 420, 'Cash', -80, 500),
       (526, '2023-11-27 18:47:48', 468, 0, 468, 'Cash', -532, 1000),
       (527, '2023-11-27 18:57:49', 1638, 0, 1638, 'Cash', -62, 1700),
       (528, '2023-11-27 19:35:16', 380, 0, 380, 'Cash', -120, 500),
       (529, '2023-11-27 19:59:27', 220, 0, 220, 'Cash', 0, 220),
       (530, '2023-11-27 20:31:16', 1260, 0, 1260, 'Cash', -740, 2000),
       (531, '2023-11-27 20:34:48', 1530, 0, 1530, 'Cash', -470, 2000),
       (532, '2023-11-27 20:35:56', 107.5, 0, 107.5, 'Cash', 0, 107.5),
       (533, '2023-11-27 20:44:53', 1100, 0, 1100, 'Cash', 0, 1100),
       (534, '2023-11-27 20:47:19', 1534, 0, 1534, 'Cash', -3466, 5000),
       (535, '2023-11-27 20:49:43', 530, 0, 530, 'Cash', -470, 1000),
       (536, '2023-11-27 20:50:16', 184, 0, 184, 'Cash', -16, 200),
       (537, '2023-11-27 20:54:18', 820, 0, 820, 'Cash', -180, 1000),
       (538, '2023-11-27 21:13:35', 1470, 0, 1470, 'Cash', -30, 1500),
       (539, '2023-11-28 08:24:03', 550, 0, 550, 'Cash', 0, 550),
       (540, '2023-11-28 08:34:45', 1095, 0, 1095, 'Cash', -3905, 5000),
       (541, '2023-11-28 09:05:25', 100, 0, 100, 'Cash', 0, 100),
       (542, '2023-11-28 09:33:00', 175, 0, 175, 'Cash', -25, 200),
       (543, '2023-11-28 09:35:27', 80, 0, 80, 'Cash', -10, 90),
       (544, '2023-11-28 09:42:52', 1290.19, 0, 1290.19, 'Cash', -709.81, 2000),
       (545, '2023-11-28 09:57:31', 150, 0, 150, 'Cash', 0, 150),
       (546, '2023-11-28 10:13:46', 300, 0, 300, 'Cash', 0, 300),
       (547, '2023-11-28 10:17:58', 50, 0, 50, 'Cash', 0, 50),
       (548, '2023-11-28 10:38:22', 3628.2, 0, 3628.2, 'Cash', -371.8, 4000),
       (549, '2023-11-28 10:38:48', 107.5, 0, 107.5, 'Cash', -392.5, 500),
       (550, '2023-11-28 11:07:41', 225, 0, 225, 'Cash', 0, 225),
       (551, '2023-11-28 11:14:05', 130, 0, 130, 'Cash', -70, 200),
       (552, '2023-11-28 11:23:50', 3982.3, 0, 3982.3, 'Cash', -1017.7, 5000),
       (553, '2023-11-28 11:26:06', 160, 0, 160, 'Cash', -900, 1060),
       (554, '2023-11-28 12:33:05', 2378.75, 0, 2378.75, 'Cash', -2621.25, 5000),
       (555, '2023-11-28 12:54:43', 80, 0, 80, 'Cash', -420, 500),
       (556, '2023-11-28 13:15:34', 350, 0, 350, 'Cash', 0, 350),
       (557, '2023-11-28 13:46:28', 90, 0, 90, 'Cash', -10, 100),
       (558, '2023-11-28 13:59:22', 30, 0, 30, 'Cash', -70, 100),
       (559, '2023-11-28 14:00:00', 190, 0, 190, 'Cash', 0, 190),
       (560, '2023-11-28 14:02:28', 220, 0, 220, 'Cash', 0, 220),
       (561, '2023-11-28 14:12:13', 220, 0, 220, 'Cash', 0, 220),
       (562, '2023-11-28 14:38:26', 160, 0, 160, 'Cash', 0, 160),
       (563, '2023-11-28 14:40:59', 1286, 0, 1286, 'Cash', 0, 1286),
       (564, '2023-11-28 15:02:39', 120, 0, 120, 'Cash', 0, 120),
       (565, '2023-11-28 16:22:01', 279, 0, 279, 'Cash', -221, 500),
       (566, '2023-11-28 17:02:43', 198, 0, 198, 'Cash', -2, 200),
       (567, '2023-11-28 17:16:00', 573, 0, 573, 'Cash', -4427, 5000),
       (568, '2023-11-28 17:17:50', 125, 0, 125, 'Cash', -75, 200),
       (569, '2023-11-28 17:39:20', 390, 0, 390, 'Cash', -610, 1000),
       (570, '2023-11-28 17:53:59', 214, 0, 214, 'Cash', -286, 500),
       (571, '2023-11-28 18:05:07', 84, 0, 84, 'Cash', -16, 100),
       (572, '2023-11-28 18:06:30', 1762.5, 0, 1762.5, 'Cash', -237.5, 2000),
       (573, '2023-11-28 18:19:16', 210, 0, 210, 'Cash', -290, 500),
       (574, '2023-11-28 18:35:17', 595, 0, 595, 'Cash', -415, 1010),
       (575, '2023-11-28 18:40:54', 1325, 0, 1325, 'Cash', -675, 2000),
       (576, '2023-11-28 18:44:17', 165, 0, 165, 'Cash', -35, 200),
       (577, '2023-11-28 18:57:30', 630, 0, 630, 'Cash', -20, 650),
       (578, '2023-11-28 19:32:37', 390, 0, 390, 'Cash', -110, 500),
       (579, '2023-11-28 19:48:29', 350, 0, 350, 'Cash', -150, 500),
       (580, '2023-11-28 19:50:08', 60, 0, 60, 'Cash', 0, 60),
       (581, '2023-11-28 19:51:57', 500, 0, 500, 'Cash', -500, 1000),
       (582, '2023-11-28 20:00:50', 50, 0, 50, 'Cash', 0, 50),
       (583, '2023-11-28 20:04:36', 310, 0, 310, 'Cash', -190, 500),
       (584, '2023-11-28 20:07:48', 205, 0, 205, 'Cash', -15, 220),
       (585, '2023-11-28 20:13:48', 1240, 0, 1240, 'Cash', -3760, 5000),
       (586, '2023-11-28 20:39:18', 150, 0, 150, 'Cash', -350, 500),
       (587, '2023-11-28 20:51:49', 400, 0, 400, 'Cash', -100, 500),
       (588, '2023-11-28 21:01:03', 1155, 0, 1155, 'Cash', 0, 1155),
       (589, '2023-11-28 21:02:43', 725, 0, 725, 'Cash', -275, 1000),
       (590, '2023-11-29 09:34:16', 125, 0, 125, 'Cash', 0, 125),
       (591, '2023-11-29 10:22:16', 80, 0, 80, 'Cash', -20, 100),
       (592, '2023-11-29 10:24:00', 30, 0, 30, 'Cash', 0, 30),
       (593, '2023-11-29 10:32:22', 125, 0, 125, 'Cash', 0, 125),
       (594, '2023-11-29 10:49:28', 120, 0, 120, 'Cash', 0, 120),
       (595, '2023-11-29 11:05:23', 60, 0, 60, 'Cash', 0, 60),
       (596, '2023-11-29 11:18:14', 360, 0, 360, 'Cash', -640, 1000),
       (597, '2023-11-29 11:56:08', 100, 0, 100, 'Cash', 0, 100),
       (598, '2023-11-29 11:56:53', 50, 0, 50, 'Cash', 0, 50),
       (599, '2023-11-29 12:20:28', 175, 0, 175, 'Cash', -25, 200),
       (600, '2023-11-29 12:22:59', 92, 0, 92, 'Cash', -8, 100),
       (601, '2023-11-29 13:23:22', 1205, 0, 1205, 'Cash', -295, 1500),
       (602, '2023-11-29 13:33:26', 150, 0, 150, 'Cash', 0, 150),
       (603, '2023-11-29 13:41:43', 60, 0, 60, 'Cash', 0, 60),
       (604, '2023-11-29 14:16:27', 50, 0, 50, 'Cash', 0, 50),
       (605, '2023-11-29 14:54:29', 50, 0, 50, 'Cash', 0, 50),
       (606, '2023-11-29 16:03:28', 630, 0, 630, 'Cash', -370, 1000),
       (607, '2023-11-29 17:22:52', 120, 0, 120, 'Cash', 0, 120),
       (608, '2023-11-29 17:23:57', 294, 0, 294, 'Cash', -206, 500),
       (609, '2023-11-29 17:26:44', 460, 0, 460, 'Cash', -40, 500),
       (610, '2023-11-29 17:27:45', 440, 0, 440, 'Cash', 0, 440),
       (611, '2023-11-29 17:28:58', 230, 0, 230, 'Cash', -770, 1000),
       (612, '2023-11-29 17:33:21', 440, 0, 440, 'Cash', -60, 500),
       (613, '2023-11-29 17:34:08', 660, 0, 660, 'Cash', -340, 1000),
       (614, '2023-11-29 17:34:48', 300, 0, 300, 'Cash', -700, 1000),
       (615, '2023-11-29 18:02:59', 848, 0, 848, 'Cash', -52, 900),
       (616, '2023-11-29 18:04:16', 60, 0, 60, 'Cash', -440, 500),
       (617, '2023-11-29 18:19:58', 657.5, 0, 657.5, 'Cash', -342.5, 1000),
       (618, '2023-11-29 18:31:11', 200, 0, 200, 'Cash', -300, 500),
       (619, '2023-11-29 18:39:15', 180, 0, 180, 'Cash', -20, 200),
       (620, '2023-11-29 18:40:30', 210, 0, 210, 'Cash', 0, 210),
       (621, '2023-11-29 19:03:49', 1150, 0, 1150, 'Cash', -350, 1500),
       (622, '2023-11-29 19:05:36', 320, 0, 320, 'Cash', -30, 350),
       (623, '2023-11-29 19:09:58', 100, 0, 100, 'Cash', 0, 100),
       (624, '2023-11-29 19:13:10', 180, 0, 180, 'Cash', 0, 180),
       (625, '2023-11-29 19:23:06', 90, 0, 90, 'Cash', -910, 1000),
       (626, '2023-11-29 19:25:56', 190, 0, 190, 'Cash', 0, 190),
       (627, '2023-11-29 19:28:49', 230, 0, 230, 'Cash', -270, 500),
       (628, '2023-11-29 19:29:35', 20, 0, 20, 'Cash', 0, 20),
       (629, '2023-11-29 19:31:24', 60, 0, 60, 'Cash', -40, 100),
       (630, '2023-11-29 19:32:13', 75, 0, 75, 'Cash', 0, 75),
       (631, '2023-11-29 19:51:28', 430, 0, 430, 'Cash', -70, 500);

-- --------------------------------------------------------

--
-- Table structure for table `invoice_details`
--

CREATE TABLE `invoice_details`
(
  `id`         int(11) NOT NULL,
  `invoice_id` int(11) NOT NULL,
  `product_id` int(11) NOT NULL,
  `qty`        float NOT NULL,
  `unit_price` float NOT NULL,
  `profit`     float NOT NULL
) ENGINE=InnoDB DEFAULT CHARSET=utf8mb4 COLLATE=utf8mb4_general_ci;

--
-- Dumping data for table `invoice_details`
--

INSERT INTO `invoice_details` (`id`, `invoice_id`, `product_id`, `qty`, `unit_price`, `profit`)
VALUES (204, 45, 261, 1, 100, 13),
       (205, 45, 29, 1, 125, 20),
       (206, 45, 569, 1, 100, 7),
       (207, 45, 305, 1, 240, 24),
       (208, 45, 99, 1, 550, 19),
       (209, 45, 613, 1, 300, 25),
       (210, 46, 647, 1, 300, 70),
       (211, 46, 632, 1, 175, 20),
       (212, 47, 498, 1, 200, 18),
       (213, 47, 612, 1, 275, 25),
       (214, 48, 583, 1, 350, 18),
       (215, 49, 224, 1, 100, 10),
       (216, 50, 632, 2, 175, 20),
       (217, 51, 289, 1, 130, 13),
       (218, 51, 612, 1, 275, 25),
       (219, 52, 99, 1, 550, 19),
       (220, 52, 25, 1, 160, 20),
       (221, 52, 125, 1, 125, 22),
       (222, 52, 85, 1, 220, 14),
       (223, 52, 635, 0.1, 1600, 350),
       (224, 52, 612, 1, 275, 25),
       (225, 53, 86, 1, 220, 15),
       (226, 53, 223, 1, 100, 10),
       (227, 54, 632, 1, 175, 20),
       (228, 55, 670, 1, 420, 70),
       (229, 55, 613, 1, 300, 25),
       (230, 55, 276, 1, 240, 31),
       (231, 55, 80, 1, 430, 31),
       (232, 55, 456, 1, 80, 15),
       (233, 55, 455, 1, 80, 15),
       (234, 55, 641, 0.25, 700, 205),
       (235, 56, 106, 2, 130, 15),
       (236, 57, 598, 1, 180, 19),
       (237, 57, 646, 0.145, 2300, 450),
       (238, 58, 639, 1, 200, 15),
       (239, 59, 577, 1, 200, 12),
       (240, 59, 469, 1, 230, 23),
       (241, 59, 456, 1, 80, 15),
       (242, 60, 223, 1, 100, 10),
       (243, 61, 389, 1, 199, 25),
       (244, 62, 128, 1, 310, 28),
       (245, 62, 94, 1, 140, 4),
       (246, 62, 22, 2, 145, 19),
       (247, 62, 34, 2, 160, 10),
       (248, 62, 263, 1, 140, 26),
       (249, 62, 612, 1, 275, 25),
       (250, 62, 125, 1, 125, 22),
       (251, 62, 485, 1, 120, 12),
       (252, 62, 73, 2, 20, 5),
       (253, 62, 106, 1, 130, 15),
       (254, 62, 61, 1, 150, 9),
       (255, 62, 119, 1, 130, 15),
       (256, 63, 205, 1, 230, 23),
       (257, 63, 44, 1, 300, 45),
       (258, 63, 278, 2, 80, 11),
       (259, 63, 564, 8, 92, 8),
       (260, 63, 441, 1, 305, 70),
       (261, 63, 486, 1, 230, 23),
       (262, 64, 624, 0.1, 700, 340),
       (263, 64, 620, 0.2, 700, 405),
       (264, 64, 621, 0.1, 1700, 450),
       (265, 64, 622, 0.1, 700, 290),
       (266, 64, 629, 0.025, 5000, 1700),
       (267, 64, 625, 0.01, 15000, 4000),
       (268, 65, 127, 2, 150, 30),
       (269, 65, 509, 1, 445, 49),
       (270, 66, 311, 4, 330, 43),
       (271, 66, 689, 1, 230, 23),
       (272, 67, 595, 1, 380, 19),
       (273, 68, 665, 1, 160, 40),
       (274, 68, 666, 1, 50, 13),
       (275, 68, 673, 1, 40, 10),
       (276, 68, 671, 1, 25, 6),
       (277, 68, 669, 1, 25, 6),
       (278, 68, 664, 1, 40, 10),
       (279, 68, 663, 1, 25, 6),
       (280, 68, 660, 1, 190, 48),
       (281, 69, 704, 3, 70, 14),
       (282, 69, 465, 1, 40, 4),
       (283, 69, 91, 1, 130, 26),
       (284, 69, 71, 1, 150, 28),
       (285, 69, 27, 1, 125, 7),
       (286, 70, 612, 3, 275, 25),
       (287, 70, 671, 1, 25, 6),
       (288, 71, 678, 1, 240, 32),
       (289, 71, 274, 1, 60, 8),
       (290, 72, 113, 12, 3.75, 0.417),
       (291, 73, 632, 1, 175, 20),
       (295, 75, 589, 1, 170, 13),
       (296, 75, 610, 1, 160, 74),
       (297, 75, 223, 1, 100, 10),
       (298, 76, 459, 10, 10, 2),
       (299, 77, 679, 1, 50, 5),
       (301, 79, 608, 1, 90, 45),
       (302, 79, 483, 1, 100, 10),
       (303, 80, 260, 1, 100, 13),
       (304, 81, 642, 2, 80, 20),
       (305, 82, 640, 0.5, 300, 45),
       (306, 83, 458, 1, 400, 72),
       (307, 84, 639, 1.015, 200, 15),
       (308, 84, 640, 1.525, 300, 45),
       (309, 84, 102, 1, 1080, 37.8),
       (310, 84, 285, 1, 120, 12),
       (311, 84, 112, 1, 625, 245),
       (312, 84, 678, 1, 240, 32.4),
       (313, 84, 681, 1, 90, 11.25),
       (314, 84, 229, 1, 475, 85),
       (315, 84, 612, 1, 275, 25),
       (316, 84, 511, 1, 210, 25),
       (317, 84, 617, 0.25, 1475, 525),
       (318, 84, 254, 1, 120, 16),
       (319, 84, 233, 1, 190, 34),
       (320, 84, 613, 1, 300, 25),
       (321, 84, 33, 1, 125, 20),
       (322, 84, 623, 0.1, 700, 405),
       (323, 84, 625, 0.01, 15000, 4000),
       (324, 85, 643, 15, 44, 5.5),
       (325, 86, 610, 1, 160, 74),
       (326, 87, 612, 5, 275, 25),
       (327, 88, 612, 2, 275, 25),
       (328, 88, 303, 1, 190, 19),
       (329, 88, 676, 1, 100, 25),
       (330, 88, 625, 0.01, 15000, 4000),
       (331, 88, 199, 1, 120, 24),
       (332, 88, 643, 10, 44, 5.5),
       (333, 89, 100, 1, 620, 25),
       (334, 90, 679, 1, 50, 5),
       (335, 90, 92, 1, 180, 36),
       (336, 91, 615, 0.5, 250, 25),
       (337, 92, 249, 1, 490, 61),
       (338, 92, 275, 2, 60, 8),
       (339, 93, 203, 1, 50, 10),
       (340, 94, 460, 2, 25, 3.75),
       (341, 95, 632, 1, 175, 20),
       (342, 96, 612, 1, 275, 25),
       (343, 96, 116, 1, 85, 3),
       (344, 97, 53, 1, 480, 77),
       (345, 97, 612, 1, 275, 25),
       (346, 98, 24, 2, 130, 30),
       (347, 99, 694, 2, 80, 6.94),
       (348, 100, 678, 1, 240, 32.4),
       (349, 100, 694, 2, 80, 6.94),
       (350, 100, 55, 1, 285, 18),
       (351, 100, 612, 1, 275, 25),
       (352, 100, 613, 0.5, 300, 25),
       (353, 100, 86, 1, 220, 15),
       (354, 101, 324, 1, 580, 71.4),
       (355, 102, 515, 1, 170, 17),
       (356, 103, 198, 1, 120, 24),
       (357, 104, 112, 1, 510, 130),
       (358, 105, 34, 1, 160, 10.34),
       (359, 105, 610, 1, 160, 74),
       (360, 105, 703, 1, 70, 14),
       (361, 106, 631, 1, 90, 47.5),
       (362, 106, 613, 1, 300, 25),
       (363, 106, 614, 1, 200, 25),
       (364, 106, 612, 3, 275, 25),
       (365, 106, 312, 1, 400, 40),
       (366, 106, 599, 1, 270, 27.85),
       (367, 106, 415, 1, 760, 46.384),
       (368, 106, 70, 1, 150, 28),
       (369, 106, 244, 1, 80, 11.5),
       (370, 106, 335, 1, 200, 18.182),
       (371, 106, 640, 0.455, 300, 45),
       (372, 106, 639, 0.55, 200, 15),
       (373, 106, 229, 1, 475, 85),
       (374, 106, 57, 1, 340, 15),
       (375, 106, 522, 1, 395, 35.91),
       (376, 106, 38, 1, 180, 11),
       (377, 106, 621, 0.1, 1700, 450),
       (378, 106, 635, 0.1, 1600, 350),
       (379, 106, 622, 0.05, 700, 290),
       (380, 107, 190, 2, 100, 20),
       (381, 108, 613, 1, 295, 20),
       (382, 109, 632, 1, 175, 20),
       (383, 110, 610, 1, 160, 74),
       (384, 111, 647, 1, 300, 70),
       (385, 112, 679, 2, 50, 5),
       (386, 112, 627, 0.147922, 1900, 770),
       (387, 112, 314, 4, 100, 10),
       (388, 112, 275, 1, 60, 8),
       (389, 113, 460, 2, 25, 3.75),
       (390, 114, 660, 1, 190, 47.5),
       (391, 115, 666, 1, 50, 12.5),
       (392, 116, 682, 1, 230, 28.75),
       (393, 116, 468, 1, 160, 16),
       (394, 116, 36, 2, 150, 7.83),
       (395, 116, 23, 2, 145, 9),
       (396, 116, 615, 0.5, 250, 25),
       (397, 116, 617, 0.25, 1475, 525),
       (398, 116, 98, 1, 830, 45),
       (399, 116, 612, 1, 275, 25),
       (400, 116, 109, 1, 525, 275),
       (401, 116, 452, 1, 350, 43),
       (402, 116, 454, 10, 10, 2),
       (403, 117, 694, 1, 80, 6.94),
       (404, 118, 106, 2, 130, 15),
       (405, 118, 248, 1, 140, 16.5),
       (406, 118, 483, 1, 100, 10),
       (407, 118, 109, 1, 525, 275),
       (408, 118, 627, 0.1, 1900, 770),
       (409, 118, 669, 2, 25, 6.25),
       (410, 119, 450, 1, 100, 13),
       (411, 119, 305, 1, 240, 24),
       (412, 119, 38, 2, 180, 11),
       (413, 120, 614, 1, 200, 25),
       (414, 121, 643, 5, 44, 5.5),
       (415, 122, 260, 1, 100, 13.32),
       (416, 123, 608, 1, 90, 45),
       (417, 124, 612, 2, 275, 25),
       (418, 124, 672, 1, 25, 6.25),
       (419, 124, 643, 5, 44, 5.5),
       (420, 124, 460, 4, 25, 3.75),
       (421, 125, 145, 1, 125, 7),
       (422, 125, 272, 1, 130, 17),
       (423, 126, 734, 2, 50, 1),
       (424, 127, 612, 0.5, 275, 25),
       (425, 128, 139, 5, 210, 25),
       (426, 129, 616, 3, 760, 115),
       (427, 130, 106, 2, 130, 15),
       (428, 131, 612, 2, 275, 25),
       (429, 132, 515, 1, 170, 17),
       (430, 133, 113, 12, 3.75, 0.417),
       (431, 134, 270, 1, 250, 35.41),
       (432, 135, 643, 5, 44, 5.5),
       (433, 136, 511, 1, 210, 25),
       (434, 136, 251, 1, 540, 67),
       (435, 137, 703, 5, 70, 14),
       (436, 137, 249, 2, 490, 61),
       (437, 138, 670, 1, 420, 22.5),
       (438, 138, 112, 1, 510, 130),
       (439, 138, 69, 1, 150, 28),
       (440, 138, 241, 1, 110, 14),
       (441, 138, 235, 1, 115, 16.5),
       (442, 138, 641, 0.26, 700, 205),
       (443, 138, 639, 1, 200, 15),
       (444, 138, 640, 1, 300, 45),
       (445, 138, 108, 1, 400, 45),
       (446, 138, 322, 2, 30, 2.727),
       (447, 138, 121, 2, 50, 2.857),
       (448, 138, 643, 10, 44, 5.5),
       (449, 138, 475, 3, 20, 2),
       (450, 139, 742, 5, 10, 2),
       (451, 140, 612, 1, 275, 25),
       (452, 141, 550, 1, 140, 16.1),
       (453, 141, 742, 5, 10, 2),
       (454, 141, 741, 5, 5, 1.067),
       (455, 142, 639, 0.5, 200, 15),
       (456, 143, 632, 1, 175, 20),
       (457, 144, 481, 1, 30, 3),
       (458, 145, 642, 2, 80, 20),
       (459, 146, 615, 0.5, 230, 5),
       (460, 147, 287, 1, 330, 33),
       (461, 148, 742, 5, 10, 2),
       (462, 149, 612, 1, 275, 25),
       (463, 150, 292, 1, 250, 25),
       (464, 151, 632, 1, 175, 20),
       (465, 152, 632, 1, 175, 20),
       (466, 153, 741, 4, 5, 1.067),
       (467, 154, 632, 1, 175, 20),
       (468, 155, 482, 1, 50, 5),
       (469, 156, 612, 1, 295, 45),
       (471, 158, 612, 0.25, 295, 45),
       (472, 159, 436, 1, 290, 43.5),
       (473, 160, 632, 1, 175, 20),
       (474, 160, 74, 1, 1650, 100),
       (475, 160, 413, 2, 60, 3.662),
       (476, 160, 515, 1, 170, 17),
       (477, 160, 335, 1, 200, 18.182),
       (478, 160, 189, 2, 100, 20),
       (479, 160, 175, 1, 195, 39),
       (480, 160, 626, 0.1, 900, 250),
       (481, 160, 759, 1, 160, 50),
       (482, 160, 125, 1, 125, 22),
       (483, 160, 612, 1, 295, 45),
       (484, 160, 614, 0.5, 200, 25),
       (485, 161, 715, 1, 50, 8.5),
       (486, 162, 714, 1, 50, 8.5),
       (487, 163, 279, 1, 490, 62),
       (488, 164, 715, 3, 50, 8.5),
       (489, 165, 612, 0.5, 295, 45),
       (490, 165, 677, 1, 130, 17.55),
       (491, 166, 137, 5, 220, 30),
       (492, 166, 681, 1, 90, 11.25),
       (493, 167, 612, 2, 295, 45),
       (494, 168, 740, 1, 20, 4),
       (495, 169, 275, 1, 60, 8),
       (496, 170, 552, 1, 300, 37.5),
       (497, 171, 642, 2, 80, 20),
       (498, 172, 137, 5, 220, 30),
       (499, 173, 569, 2, 100, 7.12),
       (500, 174, 106, 2, 130, 15),
       (501, 175, 141, 1, 230, 15),
       (502, 175, 616, 0.5, 760, 115),
       (503, 175, 146, 2, 60, 4),
       (504, 175, 621, 0.1, 1700, 450),
       (505, 175, 89, 1, 160, 32),
       (506, 176, 110, 1, 1250, 42),
       (507, 177, 119, 1, 130, 15),
       (508, 177, 587, 1, 250, 14.58),
       (509, 177, 515, 0.2, 170, 17),
       (510, 178, 516, 2, 120, 14.4),
       (511, 179, 742, 5, 10, 2),
       (512, 179, 739, 5, 10, 2.133),
       (513, 180, 612, 1, 295, 45),
       (514, 181, 612, 1, 295, 45),
       (515, 182, 76, 1, 300, 150),
       (516, 183, 275, 1, 60, 8),
       (517, 183, 569, 1, 100, 7.12),
       (518, 184, 590, 5, 220, 15),
       (519, 185, 296, 1, 80, 8),
       (520, 185, 708, 2, 50, 7.5),
       (521, 186, 643, 5, 42, 3.5),
       (522, 186, 221, 1, 60, 60),
       (523, 186, 734, 1, 50, 1),
       (524, 187, 742, 5, 10, 2),
       (525, 188, 612, 2, 275, 25),
       (526, 188, 670, 1, 420, 22.5),
       (527, 188, 292, 1, 250, 25),
       (528, 188, 69, 1, 150, 28),
       (529, 188, 356, 1, 125, 11.364),
       (530, 188, 529, 1, 470, 47),
       (531, 188, 603, 1, 1080, 37.8),
       (532, 188, 75, 1, 1100, 55),
       (533, 188, 353, 1, 900, 92.827),
       (534, 188, 521, 1, 395, 35.91),
       (535, 188, 599, 1, 270, 27.85),
       (536, 188, 355, 1, 125, 11.364),
       (537, 188, 575, 1, 200, 12),
       (538, 189, 539, 1, 250, 31.25),
       (539, 189, 256, 1, 120, 13.74),
       (540, 190, 124, 1, 130, 16),
       (541, 191, 632, 1, 175, 20),
       (542, 192, 516, 1, 120, 120),
       (543, 193, 255, 2, 120, 13.74),
       (544, 193, 470, 1, 120, 12),
       (545, 193, 198, 1, 120, 24),
       (546, 193, 275, 1, 60, 8),
       (547, 193, 679, 2, 50, 5),
       (548, 193, 456, 1, 80, 15),
       (549, 193, 314, 2, 100, 10),
       (550, 193, 305, 1, 240, 24),
       (551, 193, 677, 1, 130, 17.55),
       (552, 193, 478, 1, 120, 12),
       (553, 193, 278, 1, 80, 10.78),
       (554, 193, 315, 1, 40, 4.8),
       (555, 193, 477, 2, 60, 6),
       (556, 193, 460, 4, 25, 3.75),
       (557, 193, 261, 4, 100, 13.32),
       (558, 193, 199, 1, 120, 24),
       (559, 193, 467, 1, 100, 10),
       (560, 193, 626, 0.1, 900, 250),
       (561, 193, 609, 1, 130, 54.5),
       (562, 194, 612, 0.5, 275, 25),
       (563, 194, 141, 1, 230, 15),
       (564, 195, 624, 0.1, 700, 340),
       (565, 195, 37, 2, 70, 5),
       (566, 195, 34, 3, 160, 10.34),
       (567, 195, 682, 1, 230, 28.75),
       (568, 195, 236, 1, 225, 33),
       (569, 195, 80, 1, 430, 31),
       (570, 195, 654, 2, 90, 22.5),
       (571, 195, 137, 5, 220, 30),
       (572, 196, 612, 1, 275, 25),
       (573, 196, 670, 0.5, 420, 22.5),
       (574, 196, 530, 1, 165, 75),
       (575, 197, 102, 1, 1080, 37.8),
       (576, 198, 640, 1.02, 300, 45),
       (577, 198, 641, 0.305, 700, 205),
       (578, 198, 612, 1, 275, 25),
       (579, 198, 670, 0.5, 420, 22.5),
       (580, 198, 137, 5, 220, 30),
       (581, 198, 613, 0.5, 295, 20),
       (582, 198, 69, 1, 150, 28),
       (583, 198, 31, 2, 115, 10),
       (584, 198, 642, 2, 80, 20),
       (585, 198, 228, 1, 190, 34),
       (586, 198, 86, 1, 220, 15),
       (587, 198, 617, 0.2, 1475, 525),
       (588, 199, 67, 1, 300, 23),
       (589, 200, 541, 1, 290, 29),
       (590, 201, 137, 5, 220, 30),
       (591, 202, 241, 1, 110, 14),
       (592, 202, 633, 0.25, 700, 190),
       (593, 202, 82, 1, 120, 10),
       (594, 203, 120, 1, 250, 31),
       (595, 203, 305, 1, 240, 24),
       (596, 203, 485, 1, 120, 12),
       (597, 203, 612, 5, 275, 25),
       (598, 203, 106, 2, 130, 15),
       (599, 203, 631, 1, 90, 47.5),
       (600, 204, 612, 1, 275, 25),
       (601, 205, 767, 1, 100, 15),
       (602, 205, 612, 0.5, 275, 25),
       (603, 206, 732, 1, 440, 30),
       (604, 206, 763, 1, 180, 20),
       (605, 206, 244, 1, 80, 11.5),
       (606, 206, 618, 0.5, 1200, 170),
       (607, 206, 456, 1, 80, 15),
       (608, 207, 258, 1, 120, 13.74),
       (609, 208, 742, 2, 10, 2),
       (610, 208, 743, 2, 10, 2.667),
       (611, 209, 188, 1, 120, 24),
       (612, 209, 315, 1, 40, 4.8),
       (613, 210, 612, 1, 275, 25),
       (614, 210, 91, 1, 130, 26),
       (615, 211, 715, 2, 50, 8.5),
       (616, 212, 614, 1, 200, 25),
       (617, 213, 774, 1, 150, 50),
       (618, 213, 773, 1, 175, 50),
       (619, 213, 119, 4, 130, 15),
       (620, 213, 767, 1, 100, 15),
       (621, 214, 659, 1, 310, 100),
       (622, 215, 570, 1, 100, 7.12),
       (623, 216, 292, 1, 250, 25),
       (624, 216, 312, 1, 400, 40),
       (625, 217, 454, 4, 10, 2),
       (626, 217, 741, 2, 5, 1.067),
       (627, 217, 459, 1, 10, 1.842),
       (628, 217, 742, 1, 10, 2),
       (629, 217, 752, 1, 80, 17),
       (630, 218, 711, 2, 90, 15),
       (631, 218, 743, 2, 10, 2.667),
       (632, 219, 612, 3, 275, 25),
       (633, 220, 616, 0.5, 760, 115),
       (634, 220, 233, 1, 190, 34),
       (635, 220, 104, 1, 220, 20),
       (636, 220, 157, 1, 690, 216.857),
       (637, 221, 767, 1, 100, 15),
       (638, 221, 465, 2, 40, 4),
       (639, 221, 743, 2, 10, 2.667),
       (640, 222, 763, 1, 180, 20),
       (641, 223, 764, 1, 170, 20),
       (642, 223, 707, 2, 150, 25.32),
       (643, 224, 669, 2, 25, 6.25),
       (644, 225, 581, 1, 150, 10),
       (645, 226, 703, 1, 70, 14),
       (646, 227, 670, 0.25, 420, 22.5),
       (647, 227, 738, 0.075, 2200, 600),
       (648, 228, 455, 1, 80, 15),
       (649, 228, 643, 5, 42, 3.5),
       (650, 229, 204, 1, 220, 44),
       (651, 230, 612, 1, 275, 25),
       (652, 230, 614, 0.5, 200, 25),
       (653, 230, 641, 0.135, 700, 205),
       (654, 230, 72, 2, 19.75, 9.25),
       (655, 230, 137, 3, 220, 30),
       (656, 230, 640, 0.43, 300, 45),
       (657, 230, 766, 1, 100, 15),
       (658, 230, 107, 1, 60, 2.1),
       (659, 230, 461, 5, 5, 0.556),
       (660, 230, 636, 0.5, 275, 37),
       (661, 231, 672, 1, 25, 6.25),
       (662, 232, 761, 1, 100, 13.18),
       (663, 232, 214, 1, 220, 18.79),
       (664, 233, 612, 1, 275, 25),
       (665, 234, 461, 2, 5, 0.556),
       (666, 235, 216, 1, 150, 13.48),
       (667, 235, 116, 1, 85, 3),
       (668, 236, 768, 1, 110, 15),
       (669, 236, 260, 1, 100, 100),
       (670, 237, 632, 1, 175, 20),
       (671, 238, 738, 0.28, 2200, 600),
       (672, 238, 89, 1, 160, 32),
       (673, 238, 617, 0.25, 1475, 525),
       (674, 238, 118, 1, 620, 45),
       (675, 238, 35, 1, 420, 25),
       (676, 238, 155, 1, 690, 216.857),
       (677, 238, 626, 0.25, 900, 250),
       (678, 238, 113, 24, 3.75, 0.417),
       (679, 239, 75, 1, 1100, 55),
       (680, 239, 137, 1, 220, 30),
       (681, 240, 612, 1, 275, 25),
       (683, 242, 670, 1, 420, 22.5),
       (684, 242, 768, 1, 110, 15),
       (685, 242, 260, 1, 100, 13.32),
       (686, 242, 643, 10, 42, 3.5),
       (691, 244, 794, 1, 1100, 0),
       (692, 245, 286, 1, 230, 23),
       (694, 247, 477, 2, 60, 6),
       (695, 248, 794, 5, 220, 0),
       (696, 248, 721, 1, 570, 95),
       (697, 248, 473, 1, 120, 12),
       (698, 248, 467, 1, 100, 10),
       (699, 248, 486, 1, 230, 23),
       (700, 248, 101, 1, 1080, 37.8),
       (701, 249, 743, 2, 10, 2.667),
       (702, 250, 466, 1, 60, 6),
       (703, 251, 764, 1, 170, 20),
       (704, 252, 492, 1, 200, 29.33),
       (705, 252, 485, 1, 120, 12),
       (706, 252, 313, 1, 410, 55.35),
       (707, 253, 713, 1, 160, 27),
       (708, 254, 794, 5, 220, 0),
       (709, 255, 642, 1, 80, 20),
       (710, 256, 580, 1, 150, 10),
       (711, 257, 705, 1, 150, 25.32),
       (712, 258, 141, 2, 230, 15),
       (713, 258, 612, 1, 275, 25),
       (714, 258, 102, 1, 1080, 37.8),
       (715, 258, 505, 1, 150, 14.55),
       (716, 259, 632, 1, 175, 20),
       (717, 259, 787, 1, 119, 6.842),
       (718, 260, 199, 1, 120, 24),
       (719, 261, 478, 2, 120, 12),
       (720, 261, 315, 2, 40, 4.8),
       (721, 261, 316, 2, 40, 4.8),
       (722, 262, 763, 1, 180, 20),
       (723, 262, 119, 1, 130, 15),
       (724, 263, 570, 2, 100, 7.12),
       (725, 264, 315, 1, 40, 4.8),
       (726, 264, 476, 2, 20, 2),
       (727, 265, 786, 1, 59, 3.392),
       (728, 266, 106, 2, 130, 15),
       (729, 267, 642, 3, 80, 20),
       (730, 268, 102, 1, 1080, 37.8),
       (731, 269, 261, 3, 100, 13.32),
       (732, 269, 480, 1, 240, 24),
       (733, 269, 626, 0.5, 900, 250),
       (734, 270, 454, 3, 10, 2),
       (735, 270, 460, 1, 25, 3.75),
       (736, 270, 741, 1, 5, 1.067),
       (737, 271, 69, 1, 150, 28),
       (738, 272, 316, 1, 40, 4.8),
       (739, 273, 763, 2, 180, 20),
       (740, 274, 703, 4, 70, 14),
       (741, 275, 644, 0.1, 1800, 250),
       (746, 279, 641, 0.185, 700, 205),
       (749, 279, 640, 0.48, 300, 45),
       (750, 280, 754, 1, 280, 40),
       (751, 281, 227, 1, 95, 17),
       (752, 281, 121, 1, 50, 2.857),
       (753, 282, 612, 2, 275, 25),
       (754, 283, 488, 1, 110, 12.93),
       (755, 284, 113, 2, 3.75, 0.417),
       (756, 285, 39, 1, 40, 2.55),
       (757, 286, 497, 1, 100, 9.09),
       (758, 286, 470, 1, 120, 12),
       (759, 286, 230, 1, 85, 14),
       (760, 286, 235, 1, 115, 16.5),
       (761, 286, 33, 1, 115, 10),
       (762, 286, 327, 1, 150, 13.637),
       (763, 286, 488, 1, 110, 12.93),
       (764, 286, 619, 0.1, 700, 220),
       (765, 286, 798, 1, 20, 6.667),
       (766, 286, 581, 1, 150, 10),
       (767, 286, 459, 2, 10, 1.842),
       (768, 286, 454, 2, 10, 2),
       (769, 287, 292, 1, 250, 25),
       (770, 287, 290, 1, 250, 25),
       (771, 287, 196, 1, 110, 22),
       (772, 287, 465, 3, 40, 4),
       (773, 288, 669, 1, 25, 6.25),
       (774, 289, 670, 0.5, 420, 22.5),
       (775, 290, 643, 4, 42, 3.5),
       (776, 290, 106, 2, 130, 15),
       (777, 290, 298, 1, 240, 32.4),
       (778, 291, 464, 4, 10, 1),
       (779, 292, 643, 10, 42, 3.5),
       (780, 292, 768, 1, 110, 15),
       (781, 292, 764, 1, 170, 20),
       (782, 292, 485, 1, 120, 12),
       (783, 293, 608, 1, 90, 45),
       (784, 294, 492, 1, 200, 200),
       (785, 295, 677, 1, 130, 17.55),
       (786, 296, 182, 1, 50, 10),
       (787, 296, 203, 1, 50, 10),
       (788, 297, 41, 1, 350, 22),
       (789, 298, 641, 0.11, 700, 205),
       (790, 298, 141, 1, 230, 15),
       (791, 298, 639, 1, 200, 15),
       (792, 298, 720, 1, 520, 520),
       (793, 298, 121, 2, 50, 2.857),
       (794, 298, 541, 1, 290, 29),
       (795, 298, 643, 10, 42, 3.5),
       (796, 299, 141, 1, 230, 15),
       (797, 300, 745, 1, 225, 15),
       (798, 300, 642, 1, 80, 20),
       (799, 300, 768, 1, 110, 15),
       (800, 301, 258, 1, 120, 13.74),
       (801, 302, 224, 1, 100, 10),
       (802, 303, 455, 2, 80, 15),
       (803, 304, 260, 1, 100, 13.32),
       (804, 304, 741, 2, 5, 1.067),
       (805, 305, 787, 1, 119, 6.842),
       (806, 306, 460, 2, 25, 3.75),
       (807, 307, 139, 10, 210, 25),
       (808, 307, 34, 2, 160, 10.34),
       (809, 307, 71, 1, 150, 28),
       (810, 307, 515, 1, 170, 17),
       (811, 307, 589, 1, 170, 13),
       (812, 307, 613, 2, 295, 20),
       (813, 307, 670, 1, 420, 22.5),
       (814, 307, 468, 1, 160, 16),
       (815, 307, 639, 1.02, 200, 15),
       (816, 308, 794, 10, 220, 0),
       (817, 308, 626, 0.5, 900, 250),
       (818, 309, 316, 1, 40, 4.8),
       (819, 310, 617, 0.250479, 1475, 525),
       (820, 310, 270, 1, 250, 35.41),
       (821, 310, 101, 1, 1080, 37.8),
       (822, 310, 128, 1, 310, 28.18),
       (823, 310, 647, 1, 300, 70),
       (824, 311, 610, 1, 160, 74),
       (825, 312, 196, 1, 110, 22),
       (826, 313, 610, 1, 160, 74),
       (827, 313, 119, 2, 130, 15),
       (828, 313, 189, 1, 100, 20),
       (829, 313, 25, 1, 160, 20),
       (830, 313, 66, 1, 130, 9),
       (831, 313, 127, 1, 150, 30),
       (832, 314, 640, 0.5, 300, 45),
       (833, 314, 639, 0.3, 200, 15),
       (834, 314, 670, 0.25, 420, 22.5),
       (835, 314, 227, 1, 95, 17),
       (836, 315, 703, 2, 70, 14),
       (837, 316, 670, 1.333, 420, 22.5),
       (838, 316, 640, 1, 300, 45),
       (839, 316, 641, 0.25, 700, 205),
       (840, 316, 639, 1, 200, 15),
       (841, 316, 638, 0.1, 1400, 150),
       (842, 316, 706, 2, 150, 25.32),
       (843, 316, 112, 1, 510, 130),
       (844, 316, 90, 1, 110, 22),
       (845, 316, 106, 2, 130, 15),
       (846, 316, 736, 2, 170, 6),
       (847, 316, 104, 1, 220, 20),
       (848, 316, 70, 1, 150, 28),
       (849, 316, 570, 1, 100, 7.12),
       (850, 316, 361, 1, 180, 22.795),
       (851, 316, 228, 1, 190, 34),
       (852, 316, 233, 1, 190, 34),
       (853, 316, 497, 3, 100, 9.09),
       (854, 316, 79, 12, 20, 1.45),
       (855, 316, 30, 3, 115, 10),
       (856, 316, 494, 1, 145, 13.76),
       (857, 316, 65, 2, 145, 11),
       (858, 316, 492, 1, 200, 29.33),
       (859, 316, 733, 1, 680, 40),
       (860, 316, 617, 0.2, 1475, 525),
       (861, 316, 624, 0.1, 700, 340),
       (862, 316, 613, 1, 295, 20),
       (863, 316, 121, 1, 50, 2.857),
       (864, 316, 797, 2, 30, 9.167),
       (865, 316, 73, 12, 20, 4.7917),
       (866, 316, 122, 1, 250, 75),
       (867, 317, 293, 1, 90, 11.25),
       (868, 317, 438, 1, 115, 12.13),
       (869, 318, 642, 1, 80, 20),
       (870, 319, 710, 3, 90, 15),
       (871, 319, 25, 1, 160, 20),
       (872, 320, 832, 1, 350, 60),
       (873, 321, 249, 1, 490, 61),
       (874, 321, 722, 1, 820, 140),
       (875, 321, 719, 1, 620, 105),
       (876, 322, 795, 1, 250, 80),
       (877, 323, 141, 1, 230, 15),
       (878, 323, 643, 2, 42, 3.5),
       (879, 323, 92, 1, 180, 36),
       (880, 324, 732, 2, 440, 30),
       (881, 324, 799, 5, 180, 15),
       (882, 325, 281, 1, 200, 20),
       (883, 325, 307, 1, 230, 23),
       (884, 325, 741, 8, 5, 1.067),
       (885, 325, 743, 4, 10, 2.667),
       (886, 325, 742, 4, 10, 2),
       (887, 325, 739, 4, 10, 2.133),
       (888, 325, 454, 4, 10, 2),
       (889, 326, 70, 1, 150, 28),
       (890, 327, 119, 1, 130, 15),
       (891, 328, 670, 0.5, 420, 22.5),
       (892, 328, 617, 0.2, 1475, 525),
       (893, 329, 248, 1, 140, 16.5),
       (894, 329, 112, 1, 510, 130),
       (895, 330, 765, 1, 170, 20),
       (896, 330, 821, 1, 250, 15),
       (897, 331, 794, 5, 220, 0),
       (898, 332, 569, 1, 100, 7.12),
       (899, 333, 713, 1, 160, 27),
       (900, 334, 106, 3, 130, 15),
       (901, 334, 37, 1, 70, 5),
       (902, 334, 729, 1, 80, 20),
       (903, 334, 612, 0.25, 275, 25),
       (904, 335, 595, 1, 380, 19),
       (905, 335, 499, 1, 400, 36.36),
       (906, 336, 671, 2, 25, 6.25),
       (907, 337, 670, 1, 420, 22.5),
       (908, 337, 613, 1, 295, 20),
       (909, 337, 37, 1, 70, 5),
       (910, 337, 67, 1, 300, 23),
       (911, 338, 461, 10, 5, 0.556),
       (912, 339, 801, 1, 60, 10),
       (913, 340, 612, 1, 275, 25),
       (914, 340, 78, 1, 335, 35),
       (915, 340, 232, 2, 95, 17),
       (916, 340, 644, 0.204, 1800, 250),
       (917, 340, 599, 1, 270, 27.85),
       (918, 340, 497, 1, 100, 9.09),
       (919, 340, 630, 1, 120, 47.5),
       (920, 340, 227, 2, 95, 17),
       (921, 340, 24, 2, 130, 30),
       (922, 340, 37, 1, 70, 5),
       (923, 340, 145, 1, 125, 7),
       (924, 340, 34, 1, 160, 10.34),
       (925, 340, 235, 1, 115, 16.5),
       (926, 341, 697, 1, 830, 43.27),
       (927, 341, 306, 1, 120, 12),
       (928, 341, 613, 1, 295, 20),
       (929, 341, 769, 1, 120, 15),
       (930, 342, 102, 2, 1080, 37.8),
       (931, 342, 704, 4, 70, 14),
       (932, 342, 703, 1, 70, 14),
       (933, 342, 313, 1, 410, 55.35),
       (934, 342, 311, 1, 330, 42.9),
       (935, 343, 612, 1, 275, 25),
       (936, 344, 613, 2, 295, 20),
       (937, 345, 794, 5, 220, 0),
       (938, 345, 302, 1, 220, 22),
       (939, 345, 333, 1, 80, 10.064),
       (940, 345, 614, 0.5, 200, 25),
       (941, 346, 612, 1, 275, 25),
       (942, 346, 96, 1, 790, 40),
       (943, 346, 641, 0.205, 700, 205),
       (944, 346, 614, 1, 200, 25),
       (945, 346, 693, 2, 25, 2.16),
       (946, 346, 33, 2, 115, 10),
       (947, 347, 73, 12, 20, 4.7917),
       (948, 348, 102, 1, 1080, 37.8),
       (949, 348, 643, 6, 42, 3.5),
       (950, 348, 612, 1, 275, 25),
       (951, 348, 799, 1, 180, 15),
       (952, 348, 116, 1, 85, 3),
       (953, 348, 794, 5, 220, 0),
       (954, 348, 121, 2, 50, 2.857),
       (955, 349, 642, 2, 80, 20),
       (956, 349, 613, 0.5, 295, 20),
       (957, 349, 82, 1, 120, 10),
       (958, 349, 230, 1, 85, 14),
       (959, 349, 228, 1, 190, 34),
       (960, 349, 90, 1, 110, 22),
       (961, 349, 794, 1.5, 220, 0),
       (962, 350, 711, 2, 90, 15),
       (963, 350, 183, 1, 100, 20),
       (964, 351, 799, 1, 180, 15),
       (965, 352, 484, 1, 230, 23),
       (966, 353, 762, 1, 50, 15),
       (967, 354, 803, 1, 70, 10),
       (968, 354, 794, 2, 220, 0),
       (969, 355, 799, 1, 180, 15),
       (970, 355, 261, 1, 100, 13.32),
       (971, 356, 608, 1, 90, 45),
       (972, 356, 707, 2, 150, 25.32),
       (973, 357, 689, 1, 230, 23),
       (974, 357, 684, 1, 280, 33.6),
       (975, 358, 105, 3, 70, 4),
       (976, 358, 586, 1, 250, 14.58),
       (977, 358, 801, 2, 60, 10),
       (978, 358, 477, 1, 60, 6),
       (979, 358, 708, 2, 50, 7.5),
       (980, 359, 802, 1, 55, 8),
       (981, 359, 460, 1, 25, 3.75),
       (982, 360, 654, 1, 90, 22.5),
       (983, 361, 577, 1, 200, 12),
       (984, 362, 189, 1, 100, 20),
       (985, 362, 812, 1, 100, 7.21),
       (986, 363, 613, 0.5, 295, 20),
       (987, 363, 612, 1, 275, 25),
       (988, 363, 102, 1, 1080, 37.8),
       (989, 363, 231, 1, 170, 28),
       (990, 364, 276, 1, 240, 31.17),
       (991, 365, 186, 1, 100, 20),
       (992, 365, 511, 1, 210, 25),
       (993, 366, 807, 1, 150, 14),
       (994, 366, 627, 0.1, 1900, 770),
       (995, 366, 612, 2, 275, 25),
       (996, 367, 36, 1, 150, 7.83),
       (997, 367, 83, 1, 30, 3),
       (998, 368, 112, 1, 510, 130),
       (999, 368, 302, 1, 220, 22),
       (1000, 368, 853, 1, 175, 17.5),
       (1001, 368, 51, 1, 120, 11),
       (1002, 368, 635, 0.1, 1600, 350),
       (1003, 368, 615, 0.5, 250, 25),
       (1004, 368, 618, 0.25, 1200, 170),
       (1005, 368, 639, 0.5, 200, 15),
       (1006, 368, 644, 0.1, 1800, 250),
       (1007, 368, 670, 0.25, 420, 22.5),
       (1008, 368, 628, 0.05, 1100, 540),
       (1009, 368, 83, 1, 30, 3),
       (1010, 368, 641, 0.25, 700, 205),
       (1011, 368, 780, 1, 70, 25),
       (1012, 369, 613, 1, 295, 20),
       (1013, 369, 24, 2, 130, 30),
       (1014, 369, 36, 2, 150, 7.83),
       (1015, 369, 70, 1, 150, 28),
       (1016, 369, 356, 1, 125, 11.364),
       (1017, 369, 46, 1, 125, 11),
       (1018, 369, 621, 0.1, 1700, 450),
       (1019, 369, 885, 1, 200, 50),
       (1020, 369, 129, 0.25, 400, 145),
       (1021, 370, 483, 1, 100, 10),
       (1022, 371, 720, 1, 520, 88),
       (1023, 372, 141, 1, 230, 15),
       (1024, 373, 185, 1, 320, 64),
       (1025, 373, 199, 1, 120, 24),
       (1026, 373, 769, 2, 120, 15),
       (1027, 374, 825, 1, 350, 17.5),
       (1028, 375, 619, 0.1, 700, 220),
       (1029, 376, 703, 1, 70, 14),
       (1030, 376, 579, 1, 150, 10),
       (1031, 377, 483, 1, 100, 10),
       (1032, 378, 766, 1, 100, 15),
       (1033, 379, 632, 1, 175, 20),
       (1034, 379, 766, 1, 100, 15),
       (1035, 380, 719, 1, 620, 105),
       (1036, 381, 113, 4, 3.75, 0.417),
       (1037, 382, 741, 1, 5, 1.067),
       (1038, 383, 753, 1, 500, 60),
       (1039, 384, 481, 4, 30, 3),
       (1040, 384, 889, 0.995, 1000, 80),
       (1041, 385, 106, 4, 130, 15),
       (1042, 385, 853, 1, 175, 17.5),
       (1043, 385, 307, 1, 230, 23),
       (1044, 385, 68, 1, 300, 23),
       (1045, 385, 328, 1, 150, 13.637),
       (1046, 385, 182, 1, 50, 10),
       (1047, 385, 709, 1, 100, 10),
       (1048, 385, 80, 1, 430, 31),
       (1049, 385, 30, 1, 115, 10),
       (1050, 385, 244, 1, 80, 11.5),
       (1051, 385, 631, 1, 90, 47.5),
       (1052, 385, 380, 1, 360, 45.59),
       (1053, 385, 71, 1, 150, 28),
       (1054, 385, 86, 1, 220, 15),
       (1055, 385, 703, 1, 70, 14),
       (1056, 385, 125, 1, 125, 22),
       (1057, 385, 780, 1, 70, 25),
       (1058, 385, 113, 12, 3.75, 0.417),
       (1059, 385, 613, 0.5, 295, 20),
       (1060, 385, 836, 1, 160, 20.8),
       (1061, 385, 815, 1, 250, 15),
       (1062, 385, 612, 1, 275, 25),
       (1063, 386, 712, 2, 150, 25),
       (1064, 387, 580, 1, 150, 10),
       (1065, 388, 642, 1, 80, 20),
       (1066, 389, 711, 2, 90, 15),
       (1067, 390, 481, 1, 30, 3),
       (1068, 390, 182, 1, 50, 10),
       (1069, 391, 476, 1, 20, 2),
       (1070, 392, 710, 1, 90, 15),
       (1071, 392, 713, 1, 160, 27),
       (1072, 392, 711, 1, 90, 15),
       (1073, 393, 612, 1, 300, 50),
       (1074, 393, 618, 0.1, 1200, 170),
       (1075, 394, 612, 0.5, 300, 50),
       (1076, 395, 632, 1, 175, 20),
       (1077, 395, 456, 2, 80, 15),
       (1078, 396, 295, 2, 50, 5),
       (1079, 397, 94, 1, 140, 4),
       (1080, 398, 515, 0.2, 170, 17),
       (1081, 399, 281, 1, 200, 20),
       (1082, 399, 272, 1, 130, 17),
       (1083, 399, 105, 1, 70, 4),
       (1084, 399, 46, 1, 125, 11),
       (1085, 399, 273, 2, 130, 17),
       (1086, 399, 791, 2, 350, 37.5),
       (1087, 399, 734, 3, 50, 1),
       (1088, 399, 801, 1, 60, 10),
       (1089, 399, 564, 8, 92, 7.6825),
       (1090, 400, 249, 1, 490, 61),
       (1091, 400, 630, 1, 120, 47.5),
       (1092, 400, 640, 5, 300, 60),
       (1093, 400, 884, 2, 250, 40),
       (1094, 400, 139, 10, 210, 25),
       (1095, 401, 643, 2, 42, 3.5),
       (1096, 402, 618, 1, 1200, 170),
       (1097, 403, 456, 1, 80, 15),
       (1098, 403, 742, 5, 10, 2),
       (1099, 404, 139, 5, 210, 25),
       (1100, 405, 741, 4, 5, 1.067),
       (1101, 406, 477, 2, 60, 6),
       (1102, 407, 84, 1, 440, 10),
       (1103, 408, 282, 1, 300, 30),
       (1104, 409, 102, 1, 1080, 37.8),
       (1105, 409, 613, 0.5, 295, 20),
       (1106, 409, 323, 3, 50, 9.902),
       (1107, 409, 229, 1, 475, 85),
       (1108, 409, 618, 0.1, 1200, 170),
       (1109, 409, 236, 1, 225, 33),
       (1110, 409, 243, 1, 430, 53),
       (1111, 409, 231, 1, 170, 28),
       (1112, 409, 631, 1, 90, 47.5),
       (1113, 409, 629, 0.25, 5000, 1700),
       (1114, 410, 550, 1, 140, 16.1),
       (1115, 410, 278, 1, 80, 10.78),
       (1116, 410, 476, 1, 20, 2),
       (1117, 411, 643, 4, 42, 3.5),
       (1118, 412, 310, 1, 700, 70),
       (1119, 413, 610, 1, 160, 74),
       (1120, 414, 665, 1, 160, 40),
       (1121, 414, 671, 1, 25, 6.25),
       (1122, 414, 461, 7, 5, 0.556),
       (1123, 415, 643, 2, 42, 3.5),
       (1124, 416, 227, 1, 95, 17),
       (1125, 416, 106, 1, 130, 15),
       (1126, 416, 230, 1, 85, 14),
       (1127, 416, 736, 1, 170, 6),
       (1128, 417, 705, 1, 150, 25.32),
       (1129, 418, 616, 0.25, 760, 115),
       (1130, 418, 483, 1, 100, 10),
       (1131, 418, 626, 0.1, 900, 250),
       (1132, 419, 799, 1, 180, 15),
       (1133, 420, 643, 20, 42, 3.5),
       (1134, 420, 703, 4, 70, 14),
       (1135, 421, 799, 3, 180, 15),
       (1136, 422, 580, 1, 150, 10),
       (1137, 423, 883, 2, 100, 15),
       (1138, 424, 475, 2, 20, 2),
       (1139, 424, 483, 1, 100, 10),
       (1140, 424, 224, 1, 100, 10),
       (1141, 424, 464, 1, 10, 1),
       (1142, 425, 94, 2, 140, 4),
       (1143, 426, 258, 2, 120, 13.74),
       (1144, 427, 643, 10, 42, 3.5),
       (1145, 427, 276, 1, 240, 31.17),
       (1146, 427, 112, 1, 510, 130),
       (1147, 428, 304, 1, 130, 13),
       (1148, 429, 612, 0.233, 300, 50),
       (1149, 430, 124, 1, 130, 16),
       (1150, 430, 659, 1, 310, 100),
       (1151, 431, 739, 1, 10, 2.133),
       (1152, 432, 808, 1, 150, 10.8),
       (1153, 433, 106, 1, 130, 15),
       (1154, 433, 643, 2, 42, 3.5),
       (1155, 434, 817, 1, 250, 15),
       (1156, 434, 277, 1, 240, 31.17),
       (1157, 435, 795, 1, 250, 80),
       (1158, 436, 190, 1, 100, 20),
       (1159, 436, 460, 2, 25, 3.75),
       (1160, 437, 768, 1, 110, 15),
       (1161, 438, 119, 2, 130, 15),
       (1162, 439, 141, 5, 230, 15),
       (1163, 439, 847, 1, 310, 37.2),
       (1164, 440, 801, 2, 60, 10),
       (1165, 440, 882, 1, 20, 4),
       (1166, 440, 751, 1, 20, 4),
       (1167, 441, 768, 1, 110, 15),
       (1168, 442, 310, 1, 700, 70),
       (1169, 443, 456, 1, 80, 15),
       (1170, 444, 720, 1, 520, 88),
       (1171, 444, 471, 1, 250, 25),
       (1172, 445, 711, 3, 90, 15),
       (1173, 446, 711, 1, 90, 15),
       (1174, 447, 612, 1, 300, 50),
       (1175, 448, 716, 1, 320, 53),
       (1176, 449, 123, 4, 200, 115),
       (1177, 450, 303, 1, 190, 19),
       (1178, 451, 643, 3, 42, 3.5),
       (1179, 452, 812, 1, 100, 7.21),
       (1180, 453, 794, 5, 220, 0),
       (1181, 454, 191, 1, 100, 20),
       (1182, 454, 589, 1, 170, 13),
       (1183, 454, 258, 1, 120, 13.74),
       (1184, 455, 106, 1, 130, 15),
       (1185, 455, 107, 1, 60, 2.1),
       (1186, 456, 571, 1, 100, 7.12),
       (1187, 457, 815, 1, 250, 15),
       (1188, 458, 800, 2, 70, 10),
       (1189, 459, 714, 1, 50, 8.5),
       (1190, 460, 714, 1, 50, 8.5),
       (1191, 461, 87, 1, 880, 26),
       (1192, 461, 505, 1, 150, 14.55),
       (1193, 461, 794, 5, 220, 0),
       (1194, 461, 612, 0.5, 300, 50),
       (1195, 461, 613, 0.5, 295, 20),
       (1196, 462, 289, 1, 130, 13),
       (1197, 462, 280, 1, 140, 14),
       (1198, 462, 612, 1, 300, 50),
       (1199, 462, 617, 0.2, 1475, 525),
       (1200, 462, 807, 1, 150, 14),
       (1201, 463, 184, 1, 160, 32),
       (1202, 464, 888, 0.815, 940, 70),
       (1203, 464, 794, 2.5, 220, 5),
       (1204, 464, 22, 1, 145, 19),
       (1205, 464, 285, 1, 120, 12),
       (1206, 464, 37, 1, 70, 5),
       (1207, 464, 612, 0.5, 300, 50),
       (1208, 465, 102, 1, 1080, 37.8),
       (1209, 466, 883, 1, 100, 15),
       (1210, 467, 550, 1, 140, 16.1),
       (1211, 468, 732, 1, 440, 30),
       (1212, 468, 481, 4, 30, 3),
       (1213, 469, 470, 1, 120, 12),
       (1214, 470, 799, 1, 180, 15),
       (1215, 471, 825, 1, 350, 17.5),
       (1216, 471, 828, 1, 350, 17.5),
       (1217, 472, 613, 1.5, 295, 20),
       (1218, 472, 612, 1, 300, 50),
       (1219, 473, 454, 2, 10, 2),
       (1220, 474, 277, 4, 240, 31.17),
       (1221, 474, 853, 1, 175, 17.5),
       (1222, 474, 254, 2, 120, 16),
       (1223, 475, 741, 20, 5, 1.067),
       (1224, 476, 826, 1, 350, 17.5),
       (1225, 477, 639, 0.17, 210, 20),
       (1226, 478, 643, 5, 42, 3.5),
       (1227, 478, 888, 0.865, 940, 70),
       (1228, 478, 511, 1, 210, 25),
       (1229, 478, 121, 2, 50, 2.857),
       (1230, 479, 249, 1, 475, 46),
       (1231, 480, 193, 1, 110, 22),
       (1232, 481, 591, 1, 380, 19),
       (1233, 482, 613, 0.5, 295, 20),
       (1234, 482, 113, 12, 3.75, 0.417),
       (1235, 482, 643, 5, 42, 3.5),
       (1236, 482, 640, 1, 300, 60),
       (1237, 482, 789, 1, 100, 4.25),
       (1238, 483, 352, 1, 490, 50.538),
       (1239, 483, 669, 2, 25, 6.25),
       (1240, 484, 889, 0.42, 1000, 80),
       (1241, 485, 642, 1, 80, 20),
       (1242, 485, 809, 1, 150, 10.75),
       (1243, 485, 711, 1, 90, 15),
       (1244, 486, 139, 10, 210, 25),
       (1245, 486, 227, 1, 95, 17),
       (1246, 487, 102, 1, 1080, 37.8),
       (1247, 487, 458, 1, 400, 72),
       (1248, 488, 642, 2, 80, 20),
       (1249, 489, 292, 1, 250, 25),
       (1250, 489, 506, 1, 450, 60),
       (1251, 489, 102, 1, 1080, 37.8),
       (1252, 489, 72, 1, 19.75, 9.25),
       (1253, 489, 109, 1, 495, 245),
       (1254, 489, 612, 1, 300, 50),
       (1255, 489, 471, 1, 250, 25),
       (1256, 490, 612, 0.25, 300, 50),
       (1257, 491, 564, 4, 92, 7.6825),
       (1258, 491, 827, 1, 200, 15),
       (1259, 492, 461, 5, 5, 0.556),
       (1260, 493, 803, 1, 70, 10),
       (1261, 494, 121, 1, 50, 2.857),
       (1262, 494, 247, 1, 250, 41),
       (1263, 494, 670, 0.5, 420, 22.5),
       (1264, 495, 316, 1, 40, 4.8),
       (1265, 496, 612, 2, 300, 50),
       (1266, 497, 768, 1, 110, 15),
       (1267, 497, 122, 1, 250, 75),
       (1268, 497, 416, 1, 130, 13.72),
       (1269, 498, 242, 1, 215, 26.5),
       (1270, 499, 882, 1, 20, 4),
       (1271, 500, 804, 1, 100, 11),
       (1272, 501, 197, 1, 50, 10),
       (1273, 502, 197, 1, 50, 10),
       (1274, 503, 787, 1, 119, 6.842),
       (1275, 504, 743, 1, 10, 2.667),
       (1276, 505, 895, 1, 30, 0.69),
       (1277, 506, 113, 12, 3.75, 0.417),
       (1278, 507, 182, 1, 50, 10),
       (1279, 508, 461, 1, 5, 0.556),
       (1280, 509, 703, 2, 70, 14),
       (1281, 509, 704, 1, 70, 14),
       (1282, 510, 704, 1, 70, 14),
       (1283, 510, 703, 2, 70, 14),
       (1284, 511, 704, 3, 70, 14),
       (1285, 512, 553, 1, 300, 37.5),
       (1286, 512, 317, 1, 200, 20),
       (1287, 513, 106, 2, 130, 15),
       (1288, 513, 643, 2, 42, 3.5),
       (1289, 514, 768, 1, 110, 15),
       (1290, 515, 741, 4, 5, 1.067),
       (1291, 516, 741, 2, 5, 1.067),
       (1292, 517, 670, 0.5, 430, 32.5),
       (1293, 517, 794, 5, 220, 5),
       (1294, 517, 73, 2, 20, 4.7917),
       (1295, 517, 623, 0.1, 700, 405),
       (1296, 517, 684, 1, 280, 33.6),
       (1297, 517, 592, 1, 170, 13),
       (1298, 517, 678, 1, 240, 32.4),
       (1299, 517, 228, 1, 190, 34),
       (1300, 517, 41, 1, 350, 22),
       (1301, 517, 40, 1, 185, 11),
       (1302, 517, 242, 1, 215, 26.5),
       (1303, 517, 34, 1, 160, 10.34),
       (1304, 517, 564, 1, 92, 7.6825),
       (1305, 517, 102, 1, 1080, 37.8),
       (1306, 517, 515, 1, 170, 17),
       (1307, 517, 38, 1, 180, 11),
       (1308, 517, 22, 2, 145, 19),
       (1309, 517, 631, 1, 90, 47.5),
       (1310, 517, 692, 2, 50, 4.55),
       (1311, 517, 105, 1, 70, 4),
       (1312, 517, 635, 0.1, 1600, 350),
       (1313, 517, 613, 0.5, 295, 20),
       (1314, 517, 612, 1, 300, 50),
       (1315, 518, 612, 1, 300, 50),
       (1316, 518, 102, 1, 1080, 37.8),
       (1317, 518, 631, 1, 90, 47.5),
       (1318, 518, 228, 1, 190, 34),
       (1319, 518, 678, 1, 240, 32.4),
       (1320, 518, 684, 1, 280, 33.6),
       (1321, 518, 41, 1, 350, 22),
       (1322, 518, 515, 1, 170, 17),
       (1323, 518, 22, 2, 145, 19),
       (1324, 518, 692, 2, 50, 4.55),
       (1325, 518, 105, 1, 70, 4),
       (1326, 518, 34, 1, 160, 10.34),
       (1327, 518, 38, 1, 180, 11),
       (1328, 518, 40, 1, 185, 11),
       (1329, 518, 242, 1, 215, 26.5),
       (1330, 518, 642, 0.5, 80, 20),
       (1331, 518, 622, 0.1, 700, 290),
       (1332, 518, 613, 0.5, 295, 20),
       (1333, 518, 635, 0.1, 1600, 350),
       (1334, 518, 623, 0.5, 700, 405),
       (1335, 518, 73, 1, 20, 4.7917),
       (1336, 518, 570, 1, 100, 7.12),
       (1337, 518, 460, 1, 25, 3.75),
       (1338, 518, 564, 1, 92, 7.6825),
       (1339, 518, 794, 5, 220, 5),
       (1340, 519, 612, 1, 300, 50),
       (1341, 519, 643, 4, 42, 3.5),
       (1342, 520, 102, 1, 1080, 37.8),
       (1343, 521, 517, 1, 120, 14.4),
       (1344, 521, 789, 1, 100, 4.25),
       (1345, 522, 477, 1, 60, 6),
       (1346, 522, 283, 1, 480, 55.2),
       (1347, 523, 480, 1, 240, 24),
       (1348, 523, 712, 1, 150, 25),
       (1349, 524, 806, 1, 100, 11),
       (1350, 525, 643, 10, 42, 3.5),
       (1351, 526, 612, 1, 300, 50),
       (1352, 526, 643, 4, 42, 3.5),
       (1353, 527, 794, 2, 220, 5),
       (1354, 527, 612, 0.5, 300, 50),
       (1355, 527, 638, 0.1, 1400, 150),
       (1356, 527, 94, 1, 140, 4),
       (1357, 527, 90, 1, 110, 22),
       (1358, 527, 28, 2, 160, 20),
       (1359, 527, 797, 1, 30, 9.167),
       (1360, 527, 798, 1, 20, 6.667),
       (1361, 527, 107, 2, 60, 2.1),
       (1362, 527, 643, 4, 42, 3.5),
       (1363, 528, 594, 1, 380, 19),
       (1364, 529, 801, 2, 60, 10),
       (1365, 529, 813, 1, 100, 7.21),
       (1366, 530, 703, 4, 70, 14),
       (1367, 530, 249, 2, 490, 61),
       (1368, 531, 640, 0.5, 300, 60),
       (1369, 531, 639, 1, 210, 20),
       (1370, 531, 456, 2, 80, 15),
       (1371, 531, 455, 1, 80, 15),
       (1372, 531, 91, 1, 130, 26),
       (1373, 531, 679, 2, 50, 5),
       (1374, 531, 198, 1, 120, 24),
       (1375, 531, 194, 1, 220, 44),
       (1376, 531, 193, 1, 110, 22),
       (1377, 531, 106, 1, 130, 15),
       (1378, 531, 478, 1, 120, 12),
       (1379, 532, 670, 0.25, 430, 32.5),
       (1380, 533, 794, 5, 220, 5),
       (1381, 534, 641, 0.15, 660, 180),
       (1382, 534, 98, 1, 830, 45),
       (1383, 534, 80, 1, 430, 31),
       (1384, 534, 632, 1, 175, 20),
       (1385, 535, 703, 5, 70, 14),
       (1386, 535, 485, 1, 120, 12),
       (1387, 535, 466, 1, 60, 6),
       (1388, 536, 564, 2, 92, 7.6825),
       (1389, 537, 722, 1, 820, 140),
       (1390, 538, 104, 1, 220, 20),
       (1391, 538, 102, 1, 1080, 37.8),
       (1392, 538, 515, 1, 170, 17),
       (1393, 539, 99, 1, 550, 19.25),
       (1394, 540, 854, 1, 150, 20),
       (1395, 540, 617, 0.2, 1475, 525),
       (1396, 540, 612, 1, 300, 50),
       (1397, 540, 770, 1, 350, 80),
       (1398, 541, 715, 2, 50, 8.5),
       (1399, 542, 671, 1, 25, 6.25),
       (1400, 542, 71, 1, 150, 28),
       (1401, 543, 642, 1, 80, 20),
       (1402, 544, 670, 1.333, 430, 32.5),
       (1403, 544, 612, 1, 300, 50),
       (1404, 544, 643, 6, 42, 3.5),
       (1405, 544, 641, 0.25, 660, 180),
       (1406, 545, 36, 1, 150, 7.83),
       (1407, 546, 260, 3, 100, 13.32),
       (1408, 547, 740, 1, 20, 4),
       (1409, 547, 742, 3, 10, 2),
       (1410, 548, 41, 1, 350, 22),
       (1411, 548, 884, 2, 250, 40),
       (1412, 548, 515, 1, 170, 17),
       (1413, 548, 485, 1, 120, 12),
       (1414, 548, 712, 1, 150, 25),
       (1415, 548, 769, 1, 120, 15),
       (1416, 548, 641, 0.27, 660, 180),
       (1417, 548, 640, 0.5, 300, 60),
       (1418, 548, 119, 3, 130, 15),
       (1419, 548, 612, 5, 300, 50),
       (1420, 549, 670, 0.25, 430, 32.5),
       (1421, 550, 765, 1, 170, 20),
       (1422, 550, 802, 1, 55, 8),
       (1423, 551, 677, 1, 130, 17.55),
       (1424, 552, 641, 0.18, 660, 180),
       (1425, 552, 640, 0.92, 300, 60),
       (1426, 552, 746, 2, 210, 10),
       (1427, 552, 632, 1, 175, 20),
       (1428, 552, 670, 0.5, 430, 32.5),
       (1429, 552, 613, 0.5, 295, 20),
       (1430, 552, 229, 1, 475, 85),
       (1431, 552, 263, 1, 140, 26.31),
       (1432, 552, 108, 1, 400, 45),
       (1433, 552, 838, 1, 165, 21.45),
       (1434, 552, 233, 1, 190, 34),
       (1435, 552, 239, 1, 270, 45),
       (1436, 552, 237, 1, 100, 14.5),
       (1437, 552, 236, 1, 225, 33),
       (1438, 552, 241, 1, 110, 14),
       (1439, 552, 146, 2, 60, 4),
       (1440, 552, 631, 1, 90, 47.5),
       (1441, 552, 34, 1, 160, 10.34),
       (1442, 552, 230, 1, 85, 14),
       (1443, 552, 121, 2, 50, 2.857),
       (1444, 553, 642, 2, 80, 20),
       (1445, 554, 611, 2, 550, 275),
       (1446, 554, 92, 1, 170, 26),
       (1447, 554, 631, 1, 90, 47.5),
       (1448, 554, 322, 1, 30, 2.727),
       (1449, 554, 116, 1, 85, 3),
       (1450, 554, 599, 1, 270, 27.85),
       (1451, 554, 746, 2, 210, 10),
       (1452, 554, 613, 0.25, 295, 20),
       (1453, 554, 715, 1, 50, 8.5),
       (1454, 554, 710, 1, 90, 15),
       (1455, 555, 782, 1, 80, 30),
       (1456, 556, 632, 2, 175, 20),
       (1457, 557, 631, 1, 90, 47.5),
       (1458, 558, 464, 1, 10, 1),
       (1459, 558, 461, 4, 5, 0.556),
       (1460, 559, 228, 1, 190, 34),
       (1461, 560, 104, 1, 220, 20),
       (1462, 561, 104, 1, 220, 20),
       (1463, 562, 193, 1, 110, 22),
       (1464, 562, 182, 1, 50, 10),
       (1465, 563, 564, 8, 92, 7.6825),
       (1466, 563, 281, 1, 200, 20),
       (1467, 563, 292, 1, 250, 25),
       (1468, 563, 804, 1, 100, 11),
       (1469, 564, 255, 1, 120, 13.74),
       (1470, 565, 786, 1, 59, 3.392),
       (1471, 565, 789, 1, 100, 4.25),
       (1472, 565, 258, 1, 120, 13.74),
       (1473, 566, 643, 4, 42, 3.5),
       (1474, 566, 459, 3, 10, 1.842),
       (1475, 567, 799, 1, 180, 15),
       (1476, 567, 769, 1, 120, 15),
       (1477, 567, 643, 4, 42, 3.5),
       (1478, 567, 117, 3, 35, 2),
       (1479, 568, 73, 5, 20, 4.7917),
       (1480, 568, 741, 5, 5, 1.067),
       (1481, 569, 119, 1, 130, 15),
       (1482, 569, 106, 2, 130, 15),
       (1483, 570, 643, 2, 42, 3.5),
       (1484, 570, 106, 1, 130, 15),
       (1485, 571, 643, 2, 42, 3.5),
       (1486, 572, 612, 5, 300, 50),
       (1487, 572, 639, 1.25, 210, 20),
       (1488, 573, 746, 1, 210, 10),
       (1489, 574, 613, 1, 295, 20),
       (1490, 574, 892, 1, 300, 30),
       (1491, 575, 283, 1, 475, 50.2),
       (1492, 575, 504, 1, 250, 25.45),
       (1493, 575, 612, 2, 300, 50),
       (1494, 576, 735, 1, 165, 30),
       (1495, 577, 643, 15, 42, 3.5),
       (1496, 578, 476, 1, 20, 2),
       (1497, 578, 114, 1, 370, 20),
       (1498, 579, 632, 2, 175, 20),
       (1499, 580, 801, 1, 60, 10),
       (1500, 581, 753, 1, 500, 60),
       (1501, 582, 195, 1, 50, 10),
       (1502, 583, 600, 1, 270, 27.85),
       (1503, 583, 316, 1, 40, 4.8),
       (1504, 584, 32, 1, 115, 10),
       (1505, 584, 626, 0.1, 900, 250),
       (1506, 585, 723, 1, 1020, 165),
       (1507, 585, 590, 1, 220, 15),
       (1508, 586, 707, 1, 150, 25.32),
       (1509, 587, 642, 2, 60, 0),
       (1510, 587, 285, 1, 120, 12),
       (1511, 587, 293, 1, 90, 11.25),
       (1512, 587, 479, 1, 70, 7),
       (1513, 588, 639, 0.5, 210, 20),
       (1514, 588, 139, 5, 210, 25),
       (1515, 589, 613, 1, 295, 20),
       (1516, 589, 304, 1, 130, 13),
       (1517, 589, 612, 1, 300, 50),
       (1518, 590, 894, 1, 125, 3.81),
       (1519, 591, 481, 1, 30, 3),
       (1520, 591, 482, 1, 50, 5),
       (1521, 592, 481, 1, 30, 3),
       (1522, 593, 615, 0.5, 250, 25),
       (1523, 594, 769, 1, 120, 15),
       (1524, 595, 481, 2, 30, 3),
       (1525, 596, 892, 1, 300, 30),
       (1526, 596, 642, 1, 60, 0),
       (1527, 597, 789, 1, 100, 4.25),
       (1528, 598, 182, 1, 50, 10),
       (1529, 599, 632, 1, 175, 20),
       (1530, 600, 564, 1, 92, 7.66),
       (1531, 601, 613, 1, 295, 20),
       (1532, 601, 612, 1, 300, 50),
       (1533, 601, 631, 2, 90, 47.5),
       (1534, 601, 37, 2, 70, 5),
       (1535, 601, 642, 1, 60, 0),
       (1536, 601, 729, 1, 80, 20),
       (1537, 601, 807, 1, 150, 14),
       (1538, 602, 807, 1, 150, 14),
       (1539, 603, 274, 1, 60, 8),
       (1540, 604, 195, 1, 50, 10),
       (1541, 605, 882, 2, 20, 4),
       (1542, 605, 742, 1, 10, 2),
       (1543, 606, 670, 1, 430, 32.5),
       (1544, 606, 614, 1, 200, 25),
       (1545, 607, 306, 1, 120, 12),
       (1546, 608, 747, 1, 210, 50),
       (1547, 608, 643, 2, 42, 3.5),
       (1548, 609, 292, 1, 250, 25),
       (1549, 609, 642, 1, 60, 0),
       (1550, 609, 574, 1, 150, 12),
       (1551, 610, 794, 2, 220, 5),
       (1552, 611, 307, 1, 230, 23),
       (1553, 612, 639, 0.5, 210, 20),
       (1554, 612, 356, 1, 125, 11.364),
       (1555, 612, 643, 5, 42, 3.5),
       (1556, 613, 641, 1, 660, 180),
       (1557, 614, 612, 1, 300, 50),
       (1558, 615, 505, 1, 150, 14.55),
       (1559, 615, 307, 1, 230, 23),
       (1560, 615, 612, 1, 300, 50),
       (1561, 615, 643, 4, 42, 3.5),
       (1562, 616, 477, 1, 60, 6),
       (1563, 617, 141, 2, 230, 15),
       (1564, 617, 636, 0.5, 275, 37),
       (1565, 617, 642, 1, 60, 0),
       (1566, 618, 492, 1, 200, 29.33),
       (1567, 619, 642, 3, 60, 0),
       (1568, 620, 909, 3, 70, 16.63),
       (1569, 621, 141, 5, 230, 15),
       (1570, 622, 612, 1, 300, 50),
       (1571, 622, 739, 2, 10, 2.133),
       (1572, 623, 789, 1, 100, 4.25),
       (1573, 624, 711, 2, 90, 15),
       (1574, 625, 608, 1, 90, 45),
       (1575, 626, 183, 1, 100, 20),
       (1576, 626, 740, 2, 20, 4),
       (1577, 626, 460, 2, 25, 3.75),
       (1578, 627, 307, 1, 230, 23),
       (1579, 628, 743, 2, 10, 2.667),
       (1580, 629, 477, 1, 60, 6),
       (1581, 630, 460, 1, 25, 3.75),
       (1582, 630, 195, 1, 50, 10),
       (1583, 631, 233, 1, 190, 34),
       (1584, 631, 855, 1, 100, 25),
       (1585, 631, 909, 2, 70, 16.63);

-- --------------------------------------------------------

--
-- Table structure for table `product`
--

CREATE TABLE `product`
(
  `pid`         int(11) NOT NULL,
  `barcode`     varchar(1000) NOT NULL,
  `product`     varchar(200)  NOT NULL,
  `catid`       int(11) NOT NULL,
  `description` varchar(200) DEFAULT NULL
) ENGINE=InnoDB DEFAULT CHARSET=utf8mb4 COLLATE=utf8mb4_general_ci;

--
-- Dumping data for table `product`
--

INSERT INTO `product` (`pid`, `barcode`, `product`, `catid`, `description`)
VALUES (22, '4791111100302', 'Baby Cheramy 70g', 25, 'Baby Cheramy 70g'),
       (23, '4792081026425', 'Pears Chooty Pack 70g', 25, 'Pears Chooty Pack 70g'),
       (24, '4792054016736', 'Rathmal Baby Soap 60g', 26, 'Rathmal Baby Soap 60g'),
       (25, '4792068132231', 'Rani Soap 90g', 26, 'Rani Soap 90g'),
       (26, '4791111153186', 'Velvet Cutie 70g', 26, 'Velvet Cutie 70g'),
       (27, '4792081031580', 'Lux Soap 70g', 26, 'Lux Soap 70g'),
       (28, '4792068131135', 'Khomba Soap 90g', 26, 'Khomba Soap 90g'),
       (29, '4796000523620', 'Calin Red 80g', 25, 'Calin Red 80g'),
       (30, '4796000523774', 'Calin Khomba 80g', 25, 'Calin Khomba 80g'),
       (31, '4796000523590', 'Calin Rose 80g', 25, 'Calin Rose 80g'),
       (32, '4796000523583', 'Calin White 80g', 25, 'Calin White 80g'),
       (33, '4796000523613', 'Calin Sandalwood 80g', 25, 'Calin Sandalwood 80g'),
       (34, '4792081025978', 'Lifebuoy 100g', 25, 'Lifebuoy 100g'),
       (35, '4792081023509', 'Sunlight 3 Pack (110g)', 25, 'Sunlight 3 Pack (110g)'),
       (36, '4792081023493', 'Sunlight 110g', 25, 'Sunlight 110g'),
       (37, '4796005650550', 'Vim 100g', 25, 'Vim 100g'),
       (38, '4796005657412', 'Vim 3 Pack 100g', 25, 'Vim 3 Pack 100g'),
       (39, '4796005676956', 'Vim Podda 50g', 25, 'Vim Podda 50g'),
       (40, '4792081029327', 'Signal 70g', 25, 'Signal 70g'),
       (41, '4796005678592', 'Signal + Brush Pack', 25, 'Signal + Brush Pack'),
       (42, '4791111102030', 'Clogard Tooth Paste 120g', 25, 'Clogard Tooth Paste 120g'),
       (43, '4791111102054', 'Clogard Tooth Paste 160g', 25, 'Clogard Tooth Paste 160g'),
       (44, '4792022090249', 'Sudantha Tooth Paste 120g', 25, 'Sudantha Tooth Paste 120g'),
       (45, '4792125311234', 'Vendol T&G 80g', 25, 'Vendol T&G 80g'),
       (46, '4791111102016', 'Clogard Tooth Paste 40g', 25, 'Clogard Tooth Paste 40g'),
       (47, '4791111102023', 'Clogard Tooth Paste 70g', 25, 'Clogard Tooth Paste 70g'),
       (48, '4792172005643', 'Supirivicky Tooth Paste 110g', 25, 'Supirivicky Tooth Paste 110g'),
       (49, '4792149602004', 'Ravan Black Hair', 25, 'Ravan Black Hair Colour Liquid'),
       (50, '4796022661980', 'Abha Black Henna Lq', 25, 'Abha Black Henna Lq'),
       (51, '4792081023578', 'Wonderlight Soap 110g', 25, 'Wonderlight Soap 110g'),
       (52, '4792037107703', 'Harpic 200ml', 25, 'Harpic 200ml'),
       (53, '4792037107741', 'Harpic 500ml', 25, 'Harpic 500ml'),
       (54, '4792099010898', 'IODEX HeadFast 9g', 25, 'IODEX HeadFast 9g'),
       (55, '4796005660030', 'Vim Dish Wash 250ml', 25, 'Vim Dish Wash 250ml'),
       (56, '4796019200024', 'Supirisidu Tile Cleaner 500ml', 25, 'Supirisidu Tile Cleaner 500ml'),
       (57, '4791111107028', 'Dandex Shampoo 80ml', 24, 'Dandex Shampoo 80ml'),
       (59, '4792081032181', 'Sunsilk Shampoo 80ml', 24, 'Sunsilk Shampoo 80ml'),
       (61, '4791111144092', 'Dandex Shampoo VE 40ml', 24, 'Dandex Shampoo VE 40ml'),
       (62, '4791111144085', 'Dandex Shampoo KA 40ml', 24, 'Dandex Shampoo KA 40ml'),
       (63, '4791111144078', 'Dandex Shampoo CA 40ml', 24, 'Dandex Shampoo CA 40ml'),
       (64, '4792081029365', 'Sunsilk Shampoo Y 40ml', 24, 'Sunsilk Shampoo Y 40ml'),
       (65, '4792081031993', 'Sunsilk Shampoo O 40ml', 24, 'Sunsilk Shampoo O 40ml'),
       (66, '4792081029624', 'Lifebuoy Shampoo 40ml', 24, 'Lifebuoy Shampoo 40ml'),
       (67, '4792081032655', 'Lifebuoy Shampoo B 80ml', 24, 'Lifebuoy Shampoo B 80ml'),
       (68, '4792081032204', 'Lifebuoy Shampoo P 80ml', 24, 'Lifebuoy Shampoo P 80ml'),
       (69, '4791010003322', 'Amritha Sticks Jasmine 25g', 24, 'Amritha Sticks Jasmine 25g'),
       (70, '4791010003209', 'Amritha Sticks Green 25g', 24, 'Amritha Sticks Green 25g'),
       (71, '4791010007504', 'Amritha Sticks Floral 25g', 24, 'Amritha Sticks Floral 25g'),
       (72, '900', 'Iti Pandam Monara', 26, 'Iti Pandam Monara. Candles Monara '),
       (73, '4797001016609', 'Soorya Match Box', 25, 'Soorya Match Box'),
       (74, '4792037130923', 'Mortein Spray 600ml', 25, 'Mortein Spray 600ml'),
       (75, '4792037130688', 'Mortein Spray 250ml', 25, 'Mortein Spray 250ml'),
       (76, '905', 'Orchid Paper Serviettes', 25, 'Orchid Paper Serviettes'),
       (77, '4791111180137', 'Diva Washing Powder 45g', 25, 'Diva Washing Powder 45g'),
       (78, '4791111180465', 'Diva Washing Powder 700g', 25, 'Diva Washing Powder 700g'),
       (79, '4796005678479', 'Rin Washing Powder 40g', 25, 'Rin Washing Powder 40g'),
       (80, '4796005669804', 'Sunlight Washing Powder 1kg', 25, 'Sunlight Washing Powder 1kg'),
       (81, '4796005669835', 'Sunlight Washing Powder 200g', 25, 'Sunlight Washing Powder 200g'),
       (82, '4791111180014', 'Diva Washing Powder 200g', 25, 'Diva Washing Powder 200g'),
       (83, '4796000523415', 'Calin Washing Powder 50g', 25, 'Calin Washing Powder 50g'),
       (84, '4791085292959', 'Raththi Kiri The 200g', 25, 'Raththi Kiri The 200g'),
       (85, '4796005674556', 'Rin Washing Powder 500g', 25, 'Rin Washing Powder 500g'),
       (86, '4796005669828', 'Sunlight Washing Powder 400g', 25, 'Sunlight Washing Powder 400g'),
       (87, '4791085292928', 'Raththi Kiri The 400g', 25, 'Raththi Kiri The 400g'),
       (88, '4792024015783', 'Maggi Tikiri 40g', 25, 'Maggi Tikiri 40g'),
       (89, '4792149027036', 'Raigam Soya Prawn 100g', 25, 'Raigam Soya Prawn 100g'),
       (90, '4792149014050', 'Raigam Soya Blue 50g', 25, 'Raigam Soya Blue 50g'),
       (91, '4792149027104', 'Raigam Soya Kiri Kos 60g', 25, 'Raigam Soya Kiri Kos 60g'),
       (92, '4792149011226', 'Raigam Soya Cuttle Fish 110g', 25, 'Raigam Soya Cuttle Fish 110g'),
       (93, '4792149010618', 'Raigam Soya Curry Rasa 90g', 25, 'Raigam Soya Curry Rasa 90g'),
       (94, '4792024015646', 'Maggi Noodles Chicken Flavor 73g', 25, 'Maggi Noodles Chicken Flavor 73g'),
       (95, '4792024013239', 'Maggi Rasamusu 6g', 25, 'Maggi Rasamusu 6g'),
       (96, '4791085292911', 'Raththi Red Cow 400g', 25, 'Raththi Red Cow 400g'),
       (97, '4792024016216', 'Nestomalt 175g', 25, 'Nestomalt 175g'),
       (98, '4792024016131', 'Nestomalt 400g', 25, 'Nestomalt 400g'),
       (99, '4791085292980', 'Raththi 200g', 25, 'Raththi 200g'),
       (100, '4792024018302', 'Nestomalt 300g', 25, 'Nestomalt 300g'),
       (101, '4791085011079', 'Anchor 400g', 25, 'Anchor 400g'),
       (102, '4791085081072', 'Raththi 400g', 25, 'Raththi 400g'),
       (103, '4791085171070', 'Anlene 400g', 25, 'Anlene 400g'),
       (104, '4797001036720', 'Suposha 250g', 25, 'Suposha 250g'),
       (105, '4792024016193', 'Nestomalt 28g', 25, 'Nestomalt 28g'),
       (106, '4792018233131', 'Prima Kottu Mee 80g', 25, 'Prima Kottu Mee 80g'),
       (107, '410', 'Nespray 18g', 25, 'Nespray 18g'),
       (108, '4792018233681', 'Prima Special 325g', 25, 'Prima Special 325g'),
       (109, '4796004100223', 'Star Gold Pasta 400g', 25, 'Star Gold Pasta 400g'),
       (110, '4792024000383', 'Maggi Seasoning Powder 500g', 25, 'Maggi Seasoning Powder 500g (Stock Powder)'),
       (111, '4797001015183', 'Rayin String Hopper Flour 1kg', 25, 'Rayin String Hopper Flour 1kg'),
       (112, '4793002131006', 'Ocean Jack Mackerel 425g', 25, 'Ocean Jack Mackerel 425g (Salmon)'),
       (113, '4792099010805', 'Panadol Tablet', 25, 'Panadol Tablet'),
       (114, '4792099010201', 'Panadol liquid 100ml', 25, 'Panadol liquid 100ml'),
       (115, '4792000014113', 'Morison Gripe Mixture 100ml', 25,
        'Morison Gripe Mixture 100ml. Infant Carminative Syrup'),
       (116, '4796025380178', 'Astra 40g', 25, 'Astra 40g'),
       (117, '415', 'Astra Buddy 18g', 25, 'Astra Buddy 18g'),
       (118, '4797001036737', 'Suposha 750g', 25, 'Suposha 750g'),
       (119, '4792024011754', 'Milo 180ml', 25, 'Milo 180ml'),
       (120, '4791111143491', 'Cotton Buds BC 100 Pieces', 25, 'Baby Cheramy Cotton Buds 100 Pieces'),
       (121, '4796005673245', 'Know Chicken Cube 10g', 25, 'Know Chicken Cube 10g'),
       (122, '220', 'Umbalakada 100g Bottle', 25, 'Umbalakada (Maldive Fish) 100g Bottle'),
       (123, '420', 'Miami Milk Shorties Biscuit 200g', 25, 'Milk Shorties Biscuit 200g + 20g '),
       (124, '4792081021116', 'Signal Fighter Brush', 25, 'Signal Fighter Brush'),
       (125, '4791010002066', 'Denta Comfort Tooth Brush', 25, 'Denta Comfort Tooth Brush'),
       (126, '4791111102603', 'Clogard Tooth Brush', 25, 'Clogard Tooth Brush'),
       (127, '8901358702436', 'Razor Gillette Blue II', 25, 'Razor Gillette Blue II'),
       (128, '8720608620463', 'Laojee 100g Packet', 25, 'Laojee 100g Packet'),
       (129, '735', 'Paththara', 25, 'Paththara'),
       (130, '740', 'Sudu Paththara', 25, 'Sudu Paththara'),
       (131, '745', 'China Paththara', 25, 'China Paththara'),
       (132, '225', 'Miris Kudu 1Kg Lankan Choice', 25, 'Miris Kudu 1Kg Lankan Choice'),
       (133, '230', 'Miris Kali Lankan Choice 1 Kg', 25, 'Miris Kali Lankan Choice 1 Kg'),
       (136, '136105718', 'Shopping Bag Small', 25, 'Shopping Bag Small'),
       (137, '800', 'Neth Nadu Sahal', 25, 'Neth Nadu Sahal'),
       (139, '810', 'New SB Sudu Kakulu Sahal', 25, 'New SB Sudu Kakulu Sahal'),
       (141, '820', 'Wasala Samba Sahal', 25, 'Wasala Samba Sahal'),
       (142, '142123906', 'Shopping Bag Large Pack', 25, 'Shopping Bag Large Pack'),
       (143, '143124234', 'Grocery Bag 7*10', 25, 'Grocery Shopping Bag 7*10'),
       (144, '144124344', 'Grocery Bag 5*7', 25, 'Grocery Shopping Bag 5*7'),
       (145, '4792081029433', 'Signal Tooth Paste 40g', 25, 'Signal Tooth Paste 40g'),
       (146, '4796005673986', 'Know Umbalakada Powder', 25, 'Know Umbalakada Powder'),
       (147, '4796015293211', 'Dearo Men Aquatic Fresh 25ml', 24, 'Dearo Men Aquatic Fresh 25ml'),
       (148, '4796015293235', 'Dearo Women Fresh Petals 25ml', 24, 'Dearo Women Fresh Petals 25ml'),
       (149, '4796015293228', 'Dearo Women Invisible Guardian 25ml', 24, 'Dearo Women Invisible Guardian 25ml'),
       (150, '4796015293242', 'Dearo Unisex Cool & Fresh 25ml', 24, 'Dearo Unisex Cool & Fresh 25ml'),
       (151, '4796015293266', 'Dearo Sport Fresh Booster 25ml', 24, 'Dearo Sport Fresh Booster 25ml'),
       (152, '4796015293259', 'Dearo Teen Sensation 25ml', 24, 'Dearo Teen Sensation 25ml'),
       (153, '4796015294751', 'Dearo Men Fresh Wind 25ml', 24, 'Dearo Men Fresh Wind 25ml'),
       (154, '4796015293150', 'Dearo Men Aquatic Fresh 50ml', 24, 'Dearo Men Aquatic Fresh 50ml'),
       (155, '4796015293181', 'Dearo Women Fresh Petals 50ml', 24, 'Dearo Women Fresh Petals 50ml'),
       (156, '4796015293174', 'Dearo Women Invisible Guardian 50ml', 24, 'Dearo Women Invisible Guardian 50ml'),
       (157, '4796015293167', 'Dearo Unisex Cool & Fresh 50ml', 24, 'Dearo Unisex Cool & Fresh 50ml'),
       (158, '4796015293204', 'Dearo Sporty Fresh Booster 50ml', 24, 'Dearo Sporty Fresh Booster 50ml'),
       (159, '4796015293198', 'Dearo Teens Sensation 50ml', 24, 'Dearo Teens Sensation 50ml'),
       (160, '4796015294744', 'Dearo Men Fresh Wind 50ml', 24, 'Dearo Men Fresh Wind 50ml'),
       (161, '4796015290067', 'Bellose Perfect Straight Shampoo 250ml', 24, 'Bellose Perfect Straight Shampoo 250ml'),
       (162, '4796015290128', 'Bellose Anti Dandruff Shampoo 250ml', 24, 'Bellose Anti Dandruff Shampoo 250ml'),
       (163, '4796015290098', 'Bellose Power Moisture Shampoo 250ml', 24, 'Bellose Power Moisture Shampoo 250ml'),
       (164, '4796015290081', 'Bellose Intense Repair Shampoo 250ml', 24, 'Bellose Intense Repair Shampoo 250ml'),
       (165, '4796015293136', 'Bellose Hair Loss Control Shampoo 250ml', 24, 'Bellose Hair Loss Control Shampoo 250ml'),
       (166, '4796015290562', 'Bellose 5 Min Hair Color Men 20ml', 24, 'Bellose 5 Min Hair Color Men 20ml'),
       (167, '4796015292948', 'Bellose 5 Min Hair Color Women 30ml', 24, 'Bellose 5 Min Hair Color Women 30ml'),
       (168, '4796015290135', 'Bellose Keratin Shampoo 500ml', 24, 'Bellose Keratin Shampoo 500ml'),
       (169, '4796015290197', 'Bellose Keratin Conditioner 500ml', 24, 'Bellose Keratin Conditioner 500ml'),
       (170, '4796015290227', 'Bellose Silicon Hair Treatment 25ml', 24, 'Bellose Silicon Hair Treatment 25ml'),
       (171, '4796015290210', 'Bellose Silicon Hair Treatment 50ml', 24, 'Bellose Silicon Hair Treatment 50ml'),
       (172, '4796015290241', 'Bellose Smooth Intense Conditioner 250ml', 24,
        'Bellose Smooth Intense Conditioner 250ml'),
       (173, '4796015290173', 'Bellose Nutri Protect Conditioner 250ml', 24, 'Bellose Nutri Protect Conditioner 250ml'),
       (174, '4796015290166', 'Bellose Extreme Repair Conditioner 250ml', 24,
        'Bellose Extreme Repair Conditioner 250ml'),
       (175, '4796015292511', 'Bellose Keratin Shampoo 100ml (Pouch)', 24, 'Bellose Keratin Shampoo 100ml (Pouch)'),
       (176, '04706015290531', 'Bellose Keratin Shampoo 150ml', 24, 'Bellose Keratin Shampoo 150ml'),
       (177, '4796015290463', 'Bellose Power Moisture 150ml', 24, 'Bellose Power Moisture 150ml'),
       (178, '4796015290456', 'Bellose Intense Repair 150ml', 24, 'Bellose Intense Repair 150ml'),
       (179, '4796015293693', 'Bellose Hair Loss Control 150ml', 24, 'Bellose Hair Loss Control 150ml'),
       (180, '4796015293556', 'Bellose Anti Dandruff  150ml', 24, 'Bellose Anti Dandruff  150ml'),
       (181, '4796015290500', 'Bellose Smooth Intense 150ml', 24, 'Bellose Smooth Intense 150ml'),
       (182, '4796000760704', 'Asiri Cocktail Mixture 30g', 25, 'Asiri Cocktail Mixture 30g'),
       (183, '4796000760315', 'Asiri Cocktail Mixture 60g', 25, 'Asiri Cocktail Mixture 60g'),
       (184, '4796000760117', 'Asiri Cocktail Mixture 100g', 25, 'Asiri Cocktail Mixture 100g'),
       (185, '4796000760124', 'Asiri Cocktail Mixture 200g', 25, 'Asiri Cocktail Mixture 200g'),
       (186, '4796000761008', 'Asiri Hot Mix 60g', 25, 'Asiri Hot Mix 60g'),
       (187, '4796000760421', 'Asiri Devilled Gram 75g', 25, 'Asiri Devilled Gram 75g'),
       (188, '4796000760636', 'Asiri Devilled Dhal 100g', 25, 'Asiri Devilled Dhal 100g'),
       (189, '4796000761275', 'Asiri Rice Craker 50g', 25, 'Asiri Rice Craker 50g'),
       (190, '4796000761251', 'Asiri RF Garlic 50g', 25, 'Asiri RF Garlic 50g'),
       (191, '4796000761244', 'Asiri RF Onion 50g', 25, 'Asiri RF Onion 50g'),
       (192, '4796000761190', 'Asiri Salted Peanuts 90g', 25, 'Asiri Salted Peanuts 90g'),
       (193, '4796000760698', 'Asiri Devilled Peanuts 40g', 25, 'Asiri Devilled Peanuts 40g'),
       (194, '4796000760414', 'Asiri Devilled Peanuts 90g', 25, 'Asiri Devilled Peanuts 90g'),
       (195, '4796000761237', 'Asiri R/F Garlic 25g', 25, 'Asiri R/F Garlic 25g'),
       (196, '4796000761060', 'Asiri salted Peanuts 40g', 25, 'Asiri salted Peanuts 40g'),
       (197, '4796000761220', 'Asiri R/F Onion 25g', 25, 'Asiri R/F Onion 25g'),
       (198, '4796000761138', 'Asiri Banana Chips 50g', 25, 'Asiri Banana Chips 50g'),
       (199, '4796000760889', 'Asiri Cassava Chips 50g', 25, 'Asiri Cassava Chips 50g'),
       (200, '4796000761282', 'Asiri Cochchi Coated Peanut 80g', 25, 'Asiri Cochchi Coated Peanut 80g'),
       (201, '4796000761305', 'Asiri Masala Coated Peanut 80g', 25, 'Asiri Masala Coated Peanut 80g'),
       (202, '4796000760155', 'Asiri Sweet Peanuts 100g', 25, 'Asiri Sweet Peanuts 100g'),
       (203, '4796000760711', 'Asiri Devilled Dhal 40g', 25, 'Asiri Devilled Dhal 40g'),
       (204, '4796000760346', 'Asiri Dry Roasted Peanuts 80g', 25, 'Asiri Dry Roasted Peanuts 80g'),
       (205, '4792551000016', 'Motha Jelly Strawberry 100g', 25, 'Motha Jelly Strawberry 100g'),
       (206, '4792551000313', 'Motha Jelly Orange 100g', 25, 'Motha Jelly Orange 100g'),
       (207, '4792551000108', 'Motha Jelly Apple 100g', 25, 'Motha Jelly Apple 100g'),
       (208, '4792551000047', 'Motha Jelly Blackcurrant 100g', 25, 'Motha Jelly Blackcurrant 100g'),
       (209, '4792551000405', 'Motha Jelly Mixed Fruit 100g', 25, 'Motha Jelly Mixed Fruit 100g'),
       (210, '4792551000436', 'Motha Jelly Blueberry 100g', 25, 'Motha Jelly Blueberry 100g'),
       (211, '4792551010237', 'Motha Jelly Faluda Rose 100g', 25, 'Motha Jelly Faluda Rose 100g'),
       (212, '4792551032017', 'Motha Gelatine 30g', 25, 'Motha Gelatine 30g'),
       (213, '4792551036039', 'Motha Baking Powder 100g', 25, 'Motha Baking Powder 100g'),
       (214, '4792551036022', 'Motha Baking Powder 50g', 25, 'Motha Baking Powder 50g'),
       (215, '4792551033014', 'Motha Cocoa Powder 50g', 25, 'Motha Cocoa Powder 50g'),
       (216, '4792551031010', 'Motha Corn Flour 100g', 25, 'Motha Corn Flour 100g'),
       (217, '4792551010138', 'Motha Custard Powder Vanilla 100g', 25, 'Motha Custard Powder Vanilla 100g'),
       (218, '4792551000566', 'Motha Jelly Mixed Fruit 50g', 25, 'Motha Jelly Mixed Fruit 50g'),
       (219, '4792551000467', 'Motha Jelly Strawberry 50g', 25, 'Motha Jelly Strawberry 50g'),
       (220, '4792551000498', 'Motha Jelly Apple 50g', 25, 'Motha Jelly Apple 50g'),
       (221, '8901499008169', 'Kellogg\'s Chocos 24g', 25, 'Kellogg\'s Chocos 24g'),
       (222, '4792020311087', 'Delmege Premium Essence Vanilla 28ml', 25, 'Delmege Premium Essence Vanilla 28ml'),
       (223, '8000500366790', 'Ferrero Tic Tac Seeds Green 7.2g', 25, 'Ferrero Tic Tac Seeds Green 7.2g'),
       (224, '8000500367599', 'Ferrero Tic Tac Seeds White 7.2g', 25, 'Ferrero Tic Tac Seeds White 7.2g'),
       (225, '4792173010035', 'Wijaya Chilli Powder  500g', 25, 'Wijaya Chilli Powder  500g'),
       (226, '4792173000036', 'Wijaya Chilli Pieces  500g', 25, 'Wijaya Chilli Pieces  500g'),
       (227, '4792173010004', 'Wijaya Chilli Powder  50g', 25, 'Wijaya Chilli Powder  50g'),
       (228, '4792173010011', 'Wijaya Chilli Powder  100g', 25, 'Wijaya Chilli Powder  100g'),
       (229, '4792173010028', 'Wijaya Chilli Powder  250g', 25, 'Wijaya Chilli Powder  250g'),
       (230, '4792173020003', 'Wijaya Curry Powder  50g', 25, 'Wijaya Curry Powder  50g'),
       (231, '4792173020010', 'Wijaya Curry Powder  100g', 25, 'Wijaya Curry Powder  100g'),
       (232, '4792173000005', 'Wijaya Chilli Pieces  50g', 25, 'Wijaya Chilli Pieces  50g'),
       (233, '4792173000012', 'Wijaya Chilli Pieces  100g', 25, 'Wijaya Chilli Pieces  100g'),
       (234, '4792173000029', 'Wijaya Chilli Pieces  250g', 25, 'Wijaya Chilli Pieces  250g'),
       (235, '4792173680719', 'Wijaya Pepper Powder  25g', 25, 'Wijaya Pepper Powder  25g'),
       (236, '4792173040001', 'Wijaya Pepper Powder  50g', 25, 'Wijaya Pepper Powder  50g'),
       (237, '4792173060009', 'Wijaya R CurryPowder 50g', 25, 'Wijaya R CurryPowder 50g'),
       (238, '4792173050000', 'Wijaya M CurryPowder  50g', 25, 'Wijaya M CurryPowder  50g'),
       (239, '4792173680863', 'Wijaya M CurryPowder  100g', 25, 'Wijaya M CurryPowder  100g'),
       (240, '4792173040018', 'Wijaya Pepper Powder 100g', 25, 'Wijaya Pepper Powder 100g'),
       (241, '4792173680702', 'Wijaya Tumeric Powder 25g', 25, 'Wijaya Tumeric Powder 25g'),
       (242, '4792173030002', 'Wijaya Tumeric Powder 50g', 25, 'Wijaya Tumeric Powder 50g'),
       (243, '4792173030019', 'Wijaya Tumeric Powder 100g', 25, 'Wijaya Tumeric Powder 100g'),
       (244, '4792173090075', 'Wijaya Coffee Powder 20g', 25, 'Wijaya Coffee Powder 20g'),
       (245, '4792173090006', 'Wijaya Coffee Powder 50g', 25, 'Wijaya Coffee Powder 50g'),
       (246, '4792173100033', 'Wijaya Noodles 500g', 25, 'Wijaya Noodles 500g'),
       (247, '4792173100088', 'Wijaya SP Noodles 400g', 25, 'Wijaya Noodles 400g '),
       (248, '4792173080052', 'Wijaya Papadam 70g', 25, 'Wijaya Papadam 70g'),
       (249, '4792090000546', 'Kotmale Fresh Milk Full Cream 1L', 25, 'Fresh Milk Full Cream. UHT BRICK 1L '),
       (250, '4792090100635', 'Kotmale Vanilla Flavoured Milk 1L', 25, 'Kotmale Vanilla Flavoured Milk 1L'),
       (251, '4792090100628', 'Kotmale Chocolate Flavoured Milk 1L', 25, 'Kotmale Chocolate Flavoured Milk 1L'),
       (252, '4792085001343', 'Kotmale Faluda Flavoured Milk 1L', 25, 'Kotmale Faluda Flavoured Milk 1L'),
       (253, '4792085001862', 'Kotmale Ice Coffee 1L', 25, 'Kotmale Ice Coffee 1L'),
       (254, '4792090100604', 'Kotmale Fresh Milk 180ml', 25, 'Kotmale Fresh Milk 180ml'),
       (255, '4792085018280', 'Kotmale Vanilla 180ml', 25, 'Kotmale Vanilla 180ml'),
       (256, '4792085018273', 'Kotmale Chocolate 180ml', 25, 'Kotmale Chocolate 180ml'),
       (257, '4792090000539', 'Kotmale Chox 180ml', 25, 'Kotmale Chox 180ml'),
       (258, '4792085001398', 'Kotmale Faluda 180ml', 25, 'Kotmale Faluda 180ml'),
       (259, '4792085001350', 'Kotmale Ice Coffee 180ml', 25, 'Kotmale Ice Coffee 180ml'),
       (260, '4792090120008', 'Kotmale Vanilla Pouch 180ml', 25, 'Kotmale Vanilla Pouch 180ml'),
       (261, '4792090120015', 'Kotmale Chocolate Pouch 180ml', 25, 'Kotmale Chocolate Pouch 180ml'),
       (262, '4792083040122', 'Harischandra Coffee 50g', 25, 'Harischandra Coffee 50g'),
       (263, '4792083050435', 'Harischandra Papadam 70g', 25, 'Harischandra Papadam 70g'),
       (264, '4792083000324', 'Harischandra Kurakkan Flour 400g', 25, 'Harischandra Kurakkan Flour 400g'),
       (265, '4792083000119', 'Harischandra Ulundu Flour 200g', 25, 'Harischandra Ulundu Flour 200g'),
       (266, '4792083000225', 'Harischandra Rice Flour 400g', 25, 'Harischandra Rice Flour 400g'),
       (267, '4792083010118', 'Harischandra Plain Noodles 400g', 25, 'Harischandra Plain Noodles 400g'),
       (268, '4792083010316', 'Harischandra Special Noodles 400g', 25, 'Harischandra Special Noodles 400g'),
       (269, '4792083086069', 'Harischandra Hopper Mixture 400g', 25, 'Harischandra Hopper Mixture 400g'),
       (270, '4792083030406', 'Harischandra String Hopper Mixture 700g', 25, 'Harischandra String Hopper Mixture 700g'),
       (271, '4792083030390', 'Harischandra Red String Hopper Mixture 700g', 25,
        'Harischandra Red String Hopper Mixture 700g'),
       (272, '4792083030383', 'Aththora Soap 70g', 25, 'Harischandra Aththora Soap 70g. Aththora Saban'),
       (273, '4792083030352', 'Saman Soap 70g', 25, 'Harischandra Saman Soap 70g. '),
       (274, '4792135020003', 'Uswatte T/Tip Cheese 10g', 25, 'Uswatte T/Tip Cheese 10g'),
       (275, '4792135020010', 'Uswatte T/Tip Onion 10g', 25, 'Uswatte T/Tip Onion 10g'),
       (276, '4792135010226', 'Uswatte Wafers Crunchy C 200g', 25, 'Uswatte Wafers Crunchy Chocolate 200g '),
       (277, '4792135010172', 'Uswatte Wafers Crunchy V 200g', 25, 'Uswatte Wafers Crunchy Vanilla 200g '),
       (278, '4792135000012', 'Uswatte Gl/rasa 40g', 25, 'Uswatte Gl/rasa Glucorasa 40g'),
       (279, '4792135010288', 'Uswatte Wafers Family V 400g', 25, 'Uswatte Wafers Family Vanilla 400g'),
       (280, '8888101430153', 'Munchee Super Cream Cracker 125g', 25, 'Munchee Super Cream Cracker 125g'),
       (281, '8888101430337', 'Munchee Super Cream Cracker 190g', 25, 'Munchee Super Cream Cracker 190g'),
       (282, '8888101430092', 'Munchee Super Cream Cracker 300g', 25, 'Munchee Super Cream Cracker 300g'),
       (283, '8888101430115', 'Munchee Super Cream Cracker 490g', 25, 'Munchee Super Cream Cracker 490g'),
       (284, '8888101430276', 'SCC Handy pack 85g', 25, 'Munchee Super Cream Cracker Handy pack 85g'),
       (285, '8888101430191', 'SCC Handy Pack 120g', 25, 'Munchee Super Cream Cracker Handy Pack 120g'),
       (286, '8888101430399', 'SCC Handy pack 230g', 25, 'Munchee Super Cream Cracker Handy pack 230g'),
       (287, '8888101430085', 'SSC Handy pack 330g', 25, 'Munchee Super Cream Cracker Handy pack 330g'),
       (288, '8888101449209', 'Munchee Potato Cracker 110g', 25, 'Munchee Potato Cracker 110g'),
       (289, '8888101090203', 'Munchee Lemon Puff 100g', 25, 'Munchee Lemon Puff 100g'),
       (290, '8888101090401', 'Munchee Lemon Puff 200g', 25, 'Munchee Lemon Puff 200g'),
       (291, '8888101271206', 'Munchee Chocolate Puff 100g', 25, 'Munchee Chocolate Puff 100g'),
       (292, '8888101271404', 'Munchee Chocolate Puff 200g', 25, 'Munchee Chocolate Puff 200g'),
       (293, '8888101280208', 'Munchee Tikiri marie 80g', 25, 'Munchee Tikiri marie 80g'),
       (294, '8888101280550', 'Munchee Tikiri marie 145g', 25, 'Munchee Tikiri marie 145g'),
       (295, '8888101287238', 'Munchee Lite marie 50g', 25, 'Munchee Lite marie 50g'),
       (296, '4792192848206', 'Munchee Chocolate Cream 65g', 25, 'Munchee Chocolate Cream 65g'),
       (297, '8888101270018', 'Munchee Chocolate Cream 100g', 25, 'Munchee Chocolate Cream 100g'),
       (298, '4792192845366', 'Munchee Chocolate Cream 210g', 25, 'Munchee Chocolate Cream 210g'),
       (299, '8888101020200', 'Munchee Nice Biscuits 100g', 25, 'Munchee Nice Biscuits 100g '),
       (300, '8888101570408', 'Munchee Ginger Biscuits 200g', 25, 'Munchee Ginger Biscuits 200g'),
       (301, '4792192845809', 'Munchee Tikiri marie 230g', 25, 'Munchee Tikiri marie 230g'),
       (302, '4792192845823', 'Munchee Chocolate marie 200g', 25, 'Munchee Chocolate marie 200g'),
       (303, '8888101931193', 'Munchee Tifin Onion 125g', 25, 'Munchee Tifin Onion 125g'),
       (304, '8888101080204', 'Munchee Hawaian Cookies 100g', 25, 'Munchee Hawaian Cookies 100g'),
       (305, '8888101080402', 'Munchee Hawaian Cookies 200g', 25, 'Munchee Hawaian Cookies 200g'),
       (306, '8888101030278', 'Munchee Milk Short Biscuits 85g', 25, 'Munchee Milk Short Biscuits 85g'),
       (307, '8888101030407', 'Munchee Milk Short Biscuits 200g', 25, 'Munchee Milk Short Biscuits 200g'),
       (308, '8888101613709', 'Munchee Onion Biscuits 170g', 25, 'Munchee Onion Biscuits 170g'),
       (309, '8888101611705', 'Munchee Cheese Button 170g', 25, 'Munchee Cheese Button 170g'),
       (310, '8888101613808', 'Munchee Onion Biscuits Tin 250g', 25, 'Munchee Onion Biscuits Tin 250g'),
       (311, '8888101280109', 'Munchee Tikiri Marie 360g', 25, 'Munchee Tikiri Marie 360g'),
       (312, '8888101281106', 'Munchee Chocolate Marie 400g', 25, 'Munchee Chocolate Marie 400g'),
       (313, '4792192851701', 'Munchee Chocolate Cream Biscuits 365g', 25, 'Munchee Chocolate Cream Biscuits 365g'),
       (314, '4792192845427', 'Munchee Chock Shock 30g', 25, 'Munchee Chock Shock 30g'),
       (315, '4792192839006', 'Munchee Wafer Stick Strawberry 20g', 25, 'Munchee Wafer Stick Strawberry 20g'),
       (316, '4792192838009', 'Munchee Wafer Stick Chocolate 20g', 25, 'Munchee Wafer Stick Chocolate 20g'),
       (317, '4792192846011', 'Munchee Kome Cheese and Chilli 90g', 25, 'Munchee Kome Cheese and Chilli 90g'),
       (318, '4792081004096', 'Ayush Tumeric Soap 100g', 25, 'Ayush Tumeric Soap 100g'),
       (319, '8901030803642', 'Comfort 860ml Blue', 25, 'Comfort 860ml Blue'),
       (320, '8901030803567', 'Comfort 860ml Pink', 25, 'Comfort 860ml Pink'),
       (321, '4792081006021', 'Dove Intense Repair 180ml', 25, 'Dove Intense Repair 180ml'),
       (322, '4796005678226', 'Knorr Season Powder 7.5g', 25, 'Knorr Season Powder 7.5g'),
       (323, '4796005684524', 'Knorr Curry Cube', 25, 'Knorr Curry Cube'),
       (324, '4796005684098', 'Viva 300g', 25, 'Viva 300g'),
       (325, '4792081004102', 'Ayush Saffron Soap', 25, 'Ayush Saffron Soap'),
       (326, '4792081009411', 'Ayush Aloe Vera Soap', 25, 'Ayush Aloe Vera Soap'),
       (327, '8901030879319', 'Comfort Blue 90ml', 25, 'Comfort Blue 90ml'),
       (328, '8901030879340', 'Comfort Pink 90ml', 25, 'Comfort Pink 90ml'),
       (329, '8901030930980', 'Comfort Pink 210ml', 25, 'Comfort Pink 210ml'),
       (330, '8901030930966', 'Comfort Blue 210ml', 25, 'Comfort Pink 210ml'),
       (331, '4796005660047', 'Vim 500ml Liquid', 25, 'Vim 500ml Liquid'),
       (332, '4792081070602', 'Wonderlight Bar Soap 650g', 25, 'Wonderlight Bar Soap 650g'),
       (333, '4796005684135', 'Wonderlight Power Soap 140g', 25, 'Wonderlight Power Soap 140g'),
       (334, '4792081004065', 'Ayush Anti Cavity 120g', 25, 'Ayush Anti Cavity 120g'),
       (335, '4792081004058', 'Ayush Anti Cavity 70g', 25, 'Ayush Anti Cavity 70g'),
       (336, '4792081029259', 'Ayush Anti Cavity 30g', 25, 'Ayush Anti Cavity 30g'),
       (337, '8901030834592', 'AXE Signature Intense 122ml', 25, 'AXE Signature Intense 122ml'),
       (338, '8901030834660', 'AXE Signature Dark Temptation 122ml', 25, 'AXE Signature Dark Temptation 122ml'),
       (339, '9300830019380', 'AXE Gold Temptation 135ml', 25, 'AXE Gold Temptation 135ml'),
       (340, '9300830022557', 'AXE Black 135ml', 25, 'AXE Black 135ml. Frozen pear and bergamot scent.'),
       (341, '4800888141125', 'AXE Dark Temptation 135ml', 25, 'AXE Dark Temptation 135ml'),
       (342, '8901030873416', 'AXE Intense Ticket 17ml', 25, 'AXE Intense Ticket 17ml'),
       (343, '8901030842993', 'AXE Dark Temptation 17ml', 25, 'AXE Dark Temptation 17ml'),
       (344, '4792081020898', 'Ayush Anti Dandruff 100ml', 25, 'Ayush Anti Dandruff 100ml'),
       (345, '4792081020904', 'Ayush Anti Hair Fall 100ml', 25, 'Ayush Anti Hair Fall 100ml'),
       (346, '4792081020843', 'Ayush Tumeric Face Cream 25g', 25, 'Ayush Tumeric Face Cream 25g'),
       (347, '4792081029242', 'Ayush Tumeric Face Cream 15g', 25, 'Ayush Tumeric Face Cream 15g'),
       (348, '4792081029945', 'Pears Baby Oil Pure & Gentle', 24, 'Pears Baby Oil Pure & Gentle'),
       (349, '4792081022410', 'Clear Scalp Care Shampoo 80ml', 24, 'Clear Scalp Care Shampoo 80ml'),
       (350, '4792081022366', 'Clear Ice Cool Menthol Shampoo 180ml', 24, 'Clear Ice Cool Menthol Shampoo 180ml'),
       (351, '4792081022373', 'Clear Men DC 80ml ', 24, 'Clear Men DC 80ml '),
       (352, '4792081022397', 'Clear Men CSM 80ml ', 24, 'Clear Men CSM 80ml '),
       (353, '4792081022403', 'Clear Men CSM 180ml ', 24, 'Clear Men CSM 180ml '),
       (354, '4792081013906', 'Closeup Red 120g', 24, 'Closeup Red 120g'),
       (355, '4792081013876', 'Closeup Red 30g', 24, 'Closeup Red 30g'),
       (356, '4792081016310', 'Closeup PS 30g', 24, 'Closeup PS 30g'),
       (357, '4792081019007', 'Pears Baby Aloe Cream 100ml', 24, 'Pears Baby Aloe Cream 100ml'),
       (358, '4792081018932', 'Pears Baby P&G Cream 100ml', 24, 'Pears Baby P&G Cream 100ml'),
       (359, '4792081018963', 'Pears Baby Bedtime Cream 100ml', 24, 'Pears Baby Bedtime Cream 100ml'),
       (360, '4792081018970', 'Pears Baby AF Cream 100ml', 24, 'Pears Baby AF Cream 100ml'),
       (361, '4792081018925', 'Pears Baby P&G Cream 50ml', 24, 'Pears Baby P&G Cream 50ml'),
       (362, '4792081018956', 'Pears Baby Bedtime Cream 50ml', 24, 'Pears Baby Bedtime Cream 50ml'),
       (363, '4792081028368', 'Ayush Whitening ToothPaste 120g', 24, 'Ayush Whitening ToothPaste 120g'),
       (364, '4792081029952', 'Pairs Hair & Body Wash 100ml', 24, 'Pairs Hair & Body Wash 100ml'),
       (365, '4792081018949', 'Pears Pure & Gentle Cream 200ml', 24, 'Pears Pure & Gentle Cream 200ml'),
       (366, '4792081018987', 'Pears Active Floral Cream 200ml', 24, 'Pears Active Floral Cream 200ml'),
       (367, '4792081019014', 'Pears Aloe Vera Cream 200ml', 24, 'Pears Aloe Vera Cream 200ml'),
       (368, '4792081006083', 'Dove Hair Fall Rescue Shampoo 180ml', 24, 'Dove Hair Fall Rescue Shampoo 180ml'),
       (369, '4792081006045', 'Dove Intense Repair Shampoo 80ml', 24, 'Dove Intense Repair Shampoo 80ml'),
       (370, '4792081019212', 'Pears Baby Talc Cream 90g', 24, 'Pears Baby Talc Cream 90g'),
       (371, '4792081033522', 'Ponds Dream Flower Powder 100g', 24, 'Ponds Dream Flower Powder 100g'),
       (372, '4792081033539', 'Ponds Magic Powder 100g', 24, 'Ponds Magic Powder 100g'),
       (373, '4792081025213', 'Dove Intense Repair Shampoo 100ml', 24, 'Dove Intense Repair Shampoo 100ml'),
       (374, '4792081033362', 'Dove IR Shampoo 80ml + Chooty Pack 70g', 24, 'Dove IR Shampoo 80ml + Chooty Pack 70g'),
       (375, '4792081019045', 'Pears Magic Drop Cologne 100ml', 24, 'Pears Magic Drop Cologne 100ml'),
       (376, '4792081019069', 'Pears Bed Time Cologne 100ml', 24, 'Pears Bed Time Cologne 100ml'),
       (377, '4792081019083', 'Pears Pure & Gentle Cologne 100ml', 24, 'Pears Pure & Gentle Cologne 100ml'),
       (378, '4792081019106', 'Pears Active Floral Cologne 100ml', 24, 'Pears Active Floral Cologne 100ml'),
       (379, '4792081019052', 'Pears Magic Drop Cologne 50ml', 24, 'Pears Magic Drop Cologne 50ml'),
       (380, '4792081019076', 'Pears Bed Time Cologne 50ml', 24, 'Pears Bed Time Cologne 50ml'),
       (381, '4792081019090', 'Pears Pure & Gentle Cologne 50ml', 24, 'Pears Pure & Gentle Cologne 50ml'),
       (382, '4792081019113', 'Pears Active Floral Cologne 50ml', 24, 'Pears Active Floral Cologne 50ml'),
       (383, '4792081014750', 'F&L Glow & Handsome Facewash 50g', 24, 'F&L Glow & Handsome Facewash 50g'),
       (384, '4792081014767', 'F&L Ayurvedic Care Facewash 50g', 24, 'F&L Ayurvedic Care Facewash 50g'),
       (385, '4792081014811', 'F&L Glow & Handsome Cream 50g', 24, 'F&L Glow & Handsome Cream 50g'),
       (386, '4792081014804', 'F&L Glow & Handsome Cream 25g', 24, 'F&L Glow & Handsome Cream 25g'),
       (387, '4792081014828', 'F&L Ayurvedic Care Cream 25g', 24, 'F&L Ayurvedic Care Cream 25g'),
       (388, '4792081019335', 'F&L Multi Vitamin Cream 50g', 24, 'F&L Multi Vitamin Cream 50g'),
       (389, '4792081022229', 'F&L Multi Vitamin Cream 15g', 24, 'F&L Multi Vitamin Cream 15g'),
       (390, '4792081033553', 'F&L Multi Vitamin 25g', 24, 'F&L Multi Vitamin 25g'),
       (391, '4792081019267', 'Pears Multi Pack Pure & Gentle', 24, 'Pears Multi Pack Pure & Gentle'),
       (392, '4792081019502', 'Pears Multi Pack Aloe Vera', 24, 'Pears Multi Pack Aloe Vera'),
       (393, '4792081019281', 'Pears Multi Pack Bed Time', 24, 'Pears Multi Pack Bed Time'),
       (394, '4792081019304', 'Pears Multi Pack Active Floral', 24, 'Pears Multi Pack Active Floral'),
       (395, '850', 'Ponds  Serum Cream 23g', 24, 'Ponds  Serum Cream 23g'),
       (396, '4792081020867', 'Ponds Light Moisturiser 24.5g', 24, 'Ponds Light Moisturiser 24.5g'),
       (397, '4792081022519', 'Ponds Pure Detox Facewash 100g', 24, 'Ponds Pure Detox Facewash 100g'),
       (398, '4792081022526', 'Ponds Bright Beauty Facewash 100g', 24, 'Ponds Bright Beauty Facewash 100g'),
       (399, '4792081031900', 'Ponds Pure Detox Facewash 50g', 24, 'Ponds Pure Detox Facewash 50g'),
       (400, '4792081031924', 'Ponds Pimple Clear Facewash 50g', 24, 'Ponds Pimple Clear Facewash 50g'),
       (401, '4792081033461', 'Ponds Bright Beauty Facewash 50g', 24, 'Ponds Bright Beauty Facewash 50g'),
       (402, '4792081032716', 'Rexona Powder Dry 25ml', 24, 'Rexona Powder Dry 25ml'),
       (403, '4792081032723', 'Rexona Aloe Vera 25ml', 24, 'Rexona Aloe Vera 25ml'),
       (404, '4792081032693', 'Rexona Powder Dry 50ml', 24, 'Rexona Powder Dry 50ml'),
       (405, '4792081032709', 'Rexona Aloe Vera 50ml', 24, 'Rexona Aloe Vera 50ml'),
       (406, '4792081032679', 'Rexona Sport Dry 50ml', 24, 'Rexona Sport Dry 50ml'),
       (407, '4792081033416', 'Lifebuoy S&L Shampoo 75g + Soap', 24, 'Lifebuoy S&L Shampoo 75g + Soap'),
       (408, '4792081033423', 'Lifebuoy AD Shampoo 75g + Soap', 24, 'Lifebuoy AD Shampoo 75g + Soap'),
       (409, '4792081015009', 'Ayush Turmeric 80g', 24, 'Ayush Turmeric 80g'),
       (410, '4792081014996', 'Ayush Turmeric 50g', 24, 'Ayush Turmeric 50g'),
       (411, '4796005674969', 'Knorr Chicken Curry Mix 15g', 25, 'Knorr Chicken Curry Mix 15g'),
       (412, '4796005674976', 'Knorr Biriyani Mix 20g', 25, 'Knorr Biriyani Mix 20g'),
       (413, '4796005673276', 'Viva Sachet 26g', 25, 'Viva Sachet 26g'),
       (414, '4796005684197', 'Viva 175g', 25, 'Viva 175g'),
       (415, '4796005684944', 'Viva 400g + Watawala 50g', 25, 'Viva 400g + Watawala 50g'),
       (416, '4792054016743', 'Panda Baby Delum Soap', 24, 'Panda Baby Delum Soap'),
       (417, '4792054006270', 'Panda Rathmal Eco Pack', 24, 'Panda Rathmal Eco Pack'),
       (418, '4792054013674', 'Panda Delum Eco Pack', 24, 'Panda Delum Eco Pack'),
       (419, '4792054014336', 'Panda Baby Aloe Vera Cream 50ml', 24, 'Panda Baby Aloe Vera Cream 50ml'),
       (420, '4792054013537', 'Panda Baby Venivel & Rathmal Cream 50ml', 24, 'Panda Baby Venivel & Rathmal Cream 50ml'),
       (421, '4792054001343', 'Panda Baby Olive Oil Cream 50ml', 24, 'Panda Baby Olive Oil Cream 50ml'),
       (422, '4792054001121', 'Panda Baby Olive Oil Cream 100ml', 24, 'Panda Baby Olive Oil Cream 100ml'),
       (423, '4792054006201', 'Panda Baby Venivel & Rathmal Cream 100ml', 24,
        'Panda Baby Venivel & Rathmal Cream 100ml'),
       (424, '4792054014312', 'Panda Baby Aloe Vera Cream 100ml', 24, 'Panda Baby Aloe Vera Cream 100ml'),
       (425, '4792054001718', 'Panda Baby Cologne 50ml', 24, 'Panda Baby Cologne 50ml'),
       (426, '4792054008052', 'Panda Baby Floral 50ml', 24, 'Panda Baby Floral 50ml'),
       (427, '4792054001725', 'Panda Baby Talc Powder 100g', 24, 'Panda Baby Talc Powder 100g'),
       (428, '4792054006300', 'Panda Baby Sweet Floral Cologne 50ml', 24, 'Panda Baby Sweet Floral Cologne 50ml'),
       (429, '4792054006195', 'Panda Baby Sweet Floral Cologne 100ml', 24, 'Panda Baby Sweet Floral Cologne 100ml'),
       (430, '4792054006287', 'Panda Baby Mothers Love Cologne 50ml', 24, 'Panda Baby Mothers Love Cologne 50ml'),
       (431, '4792054006171', 'Panda Baby Mothers Love Cologne 100ml', 24, 'Panda Baby Mothers Love Cologne 100ml'),
       (432, '4792054006294', 'Panda Baby Fairy Touch Cologne 50ml', 24, 'Panda Baby Fairy Touch Cologne 50ml'),
       (433, '4792054006188', 'Panda Baby Fairy Touch Cologne 100ml', 24, 'Panda Baby Fairy Touch Cologne 100ml'),
       (434, '4792054014268', 'Panda Baby Natural Baby Oil 50ml', 24, 'Panda Baby Natural Baby Oil 50ml'),
       (435, '4792054006027', 'Panda Baby Bees Honey Shampoo 100ml', 24, 'Panda Baby Bees Honey Shampoo 100ml'),
       (436, '4792054006003', 'Panda Baby Wash Gotukola 100ml', 24, 'Panda Baby Wash Gotukola 100ml'),
       (437, '4792054016866', 'Misumi Beauty Soap Sakura', 24, 'Misumi Beauty Soap Sakura'),
       (438, '4792054017245', 'Misumi Beauty Soap Romansu', 24, 'Misumi Beauty Soap Romansu'),
       (439, '4796007570412', 'Marvel Small 4 Pack', 25, 'Marvel Small 4 Pack'),
       (440, '4796007570429', 'Marvel Medium 4 Pack', 25, 'Marvel Medium 4 Pack'),
       (441, '4796007570443', 'Marvel Large 4 Pack', 25, 'Marvel Large 4 Pack'),
       (442, '4796007570450', 'Marvel XL 4 Pack', 25, 'Marvel XL 4 Pack'),
       (443, '4796007570924', 'Marvel Small 16 Pack', 25, 'Marvel Small 16 Pack'),
       (444, '4796007570931', 'Marvel Medium 16 Pack', 25, 'Marvel Medium 16 Pack'),
       (445, '4796007570948', 'Marvel Large 16 Pack', 25, 'Marvel Large 16 Pack'),
       (446, '4796007570955', 'Marvel XL 16 Pack', 25, 'Marvel XL 16 Pack'),
       (447, '4796007570177', 'Marvel Adult Diapers 10 Pack', 25, 'Marvel Adult Diapers 10 Pack'),
       (448, '4796007570290', 'Marvel Wet Wipes 40 Pack', 25, 'Marvel Wet Wipes 40 Pack'),
       (449, '4796007570276', 'Marvel Wet Wipes 80 Pack', 25, 'Marvel Wet Wipes 80 Pack'),
       (450, '4792135030453', 'Uswatte March Mallows 50g', 25, 'Uswatte March Mallows 50g'),
       (451, '4792135030477', 'Uswatte March Mallows 80g', 25, 'Uswatte March Mallows 80g'),
       (452, '4792135030422', 'Uswatte March Mallows 200g', 25, 'Uswatte March Mallows 200g'),
       (453, '4792135030460', 'Uswatte March Mallows Cannister 135g', 25, 'Uswatte March Mallows Cannister 135g'),
       (454, '005', 'Uswatte March Mallows Cube', 25, 'Uswatte March Mallows Cube'),
       (455, '4792135020614', 'Uswatte Jigle Wigle 25g', 25, 'Uswatte Jigle Wigle 25g'),
       (456, '4792135020485', 'Uswatte Cha Cha 25g', 25, 'Uswatte Cha Cha 25g'),
       (457, '4792135010325', 'Uswatte Christys Wafers Vanilla 300g', 25, 'Uswatte Christys Wafers Vanilla 300g'),
       (458, '4792135010332', 'Uswatte Christys Wafers Chocolate 300g', 25, 'Uswatte Christys Wafers Chocolate 300g'),
       (459, '010', 'Uswatte Din Din Fruit Jelly Cube', 25, 'Uswatte Din Din Fruit Jelly Cube'),
       (460, '015', 'Uswatte Lollipop', 25, 'Uswatte Lollipop'),
       (461, '020', 'Uswatte Cool Mint Toffee', 25, 'Uswatte Cool Mint Toffee'),
       (462, '025', 'Uswatte Cola Candy Toffee', 25, 'Uswatte Cola Candy Toffee'),
       (463, '4792135070206', 'Uswatte Glucolife 75g', 25, 'Uswatte Glucolife 75g'),
       (464, '4792135030569', 'Uswatte Dicky Peparamint', 25, 'Uswatte Dicky Peparamint'),
       (465, '4792192526005', 'Chocolate Fingers 18g', 25, 'Chocolate Fingers 18g'),
       (466, '4792192526265', 'Chocolate Fingers 27g', 25, 'Chocolate Fingers 27g'),
       (467, '4792192526210', 'Chocolate Fingers 40g', 25, 'Chocolate Fingers 40g'),
       (468, '4792192526227', 'Chocolate Fingers 80g', 25, 'Chocolate Fingers 80g'),
       (469, '4792192474207', 'Chocolate Fingers 110g', 25, 'Chocolate Fingers 110g'),
       (470, '4792192602204', 'Chunky Choc 60g', 25, 'Chunky Choc 60g'),
       (471, '4792192601221', 'Chunky Choc 120g', 25, 'Chunky Choc 120g'),
       (472, '4792192601207', 'Chunky Choc 200g', 25, 'Chunky Choc 200g'),
       (473, '4792192473200', 'Choco-mo 40g', 25, 'Choco-mo 40g'),
       (474, '4792192501002', 'Ritzbury Nik Nak 6g', 25, 'Ritzbury Nik Nak 6g'),
       (475, '8888101280192', 'Ritzbury Pebbles 8g', 25, 'Ritzbury Pebbles 8g'),
       (476, '4792192553001', 'Ritzbury Popit 9g', 25, 'Ritzbury Popit 9g'),
       (477, '4792192553506', 'Ritzbury Popit 20g', 25, 'Ritzbury Popit 20g'),
       (478, '4792192551229', 'Ritzbury Choc-A-Nut 50g', 25, 'Ritzbury Choc-A-Nut 50g'),
       (479, '4792192551250', 'Ritzbury Choc-A-Nut 30g', 25, 'Ritzbury Choc-A-Nut 30g'),
       (480, '4792192551267', 'Ritzbury Choc-A-Nut 100g', 25, 'Ritzbury Choc-A-Nut 100g'),
       (481, '4792192437011', 'Choco-La Kiddies 12g', 25, 'Choco-La Kiddies 12g'),
       (482, '4792192845113', 'Ritzbury White Milk Sweets 20g', 25, 'Ritzbury White Milk Sweets 20g'),
       (483, '4792192401050', 'Choco-La Milk 45g', 25, 'Choco-La Milk 45g'),
       (484, '4792192845021', 'Ritzbury Peanut 93g', 25, 'Ritzbury Peanut 93g'),
       (485, '4792192434003', 'Ritzbury Bubbles 50g', 25, 'Ritzbury Bubbles 50g'),
       (486, '4792192423007', 'Ritzbury Bubbles 100g', 25, 'Ritzbury Bubbles 100g'),
       (487, '4792172000013', 'Siddhalepa 2.5g', 25, 'Siddhalepa 2.5g'),
       (488, '4792172000020', 'Siddhalepa 5g', 25, 'Siddhalepa 5g'),
       (489, '4792172002123', 'Kakulu Tooth Paste 40g', 25, 'Kakulu Tooth Paste 40g'),
       (490, '4792172002253', 'Kakulu Jasmine Baby Cologne 50ml', 25,
        'Kakulu Jasmine Baby Cologne 50ml. Samanpichcha Ayurveda Baby Cologne'),
       (491, '4792172005063', 'Kakulu Hibiscus Baby Cologne 50ml', 25,
        'Kakulu Hibiscus Baby Cologne 50ml. Hibiscus Ayurveda Baby Cologne'),
       (492, '4792172004301', 'Siddhalepa Asamodagam Spirit 350ml', 25, 'Siddhalepa Asamodagam Spirit 350ml'),
       (493, '4792172005018', 'Siddhalepa Kakulu Aloe Soap 70g', 25,
        'Siddhalepa Kakulu Aloe Soap 70g. Thambili Thel, Lothsumbulu, Komarika'),
       (494, '4792172005025', 'Siddhalepa Kakulu Aruda Soap 70g', 25,
        'Siddhalepa Kakulu Aruda Soap 70g. Thambili Thel, Venivelgeta, Aruda'),
       (495, '4792172002079', 'Siddhalepa Kakulu Jasmine Soap 70g', 25,
        'Siddhalepa Kakulu Jasmine Soap 70g. Thambili Thel, Sudu Handun, Aruda, Samanpichcha, Kokum Pothu'),
       (496, '4792172005032', 'Siddhalepa Kakulu Hibiscus Soap 70g', 25,
        'Siddhalepa Kakulu Hibiscus Soap 70g. Thambili Thel, Rath Handun, Wada Mal'),
       (497, '4791052500407', 'Ran Kahata 50g', 25, 'Ran Kahata 50g'),
       (498, '4791052500506', 'Ran Kahata 95g', 25, 'Ran Kahata 95g'),
       (499, '4791052500513', 'Ran Kahata 190g', 25, 'Ran Kahata 190g'),
       (500, '4791052500117', 'Zesta 95g', 25, 'Zesta 95g'),
       (501, '4791052500056', 'Zesta Tea Bags 25', 25, 'Zesta Tea Bags 25. 45g'),
       (502, '4791052500063', 'Zesta Tea Bags 50', 25, 'Zesta Tea Bags 50'),
       (503, '4791052500162', 'Watawala 50g', 25, 'Watawala 50g'),
       (504, '4791052500179', 'Watawala 100g', 25, 'Watawala 100g'),
       (505, '4791052500285', 'Zesta 45g', 25, 'Zesta 45g'),
       (506, '4791052204596', 'Watawala 150g', 25, 'Watawala 150g'),
       (507, '4792018111859', 'Prima Chicken Bockwurst Sausages 1Kg', 25, 'Prima Chicken Bockwurst Sausages 1Kg'),
       (508, '4792018111880', 'Prima Chicken Bockwurst Sausages 200g', 25, 'Prima Chicken Bockwurst Sausages 200g'),
       (509, '4792018112269', 'Prima Celebration Chicken Sausages 250g', 25, 'Prima Celebration Chicken Sausages 250g'),
       (510, '4792018111644', 'Prima Chicken Sausages 80g', 25, 'Prima Chicken Sausages 80g'),
       (511, '4792018111873', 'Prima Chicken Sausages 130g', 25, 'Prima Chicken Sausages 130g'),
       (512, '4792018111347', 'Prima Meat Balls 100g', 25, 'Prima Meat Balls 100g'),
       (513, '4792018111316', 'Prima Meat Balls 200g', 25, 'Prima Meat Balls 200g'),
       (514, '520', 'Prima Fish Chinese Rolls 1Kg', 25, 'Fish Chinese Rolls 1Kg '),
       (515, '4791010040037', 'Ninja Power 10H Coil', 25, 'Ninja Power 10H Coil'),
       (516, '4791010001700', 'Laxapana AA Batteries', 25, 'Laxapana AA Batteries'),
       (517, '4791010001960', 'Laxapana AAA Batteries', 25, 'Laxapana AAA Batteries'),
       (518, '4791010004459', 'Bio Clean Aqua 200ml', 25, 'Bio Clean Aqua 200ml'),
       (519, '4791010500210', 'Bio Clean Floral 200ml', 25, 'Bio Clean Floral 200ml'),
       (520, '4791010003711', 'Bio Clean Green 200ml', 25, 'Bio Clean Green 200ml'),
       (521, '4791010005142', 'Bio Clean Floral 500ml', 25, 'Bio Clean Floral 500ml'),
       (522, '4791010005166', 'Bio Clean Kohomba 500ml', 25, 'Bio Clean Kohomba 500ml'),
       (523, '4791010104739', 'Laxapana LED 3W', 26, 'Laxapana LED 3W'),
       (524, '4791010004497', 'Laxapana LED 5W', 26, 'Laxapana LED 5W'),
       (525, '4791010004572', 'Laxapana LED 9W', 26, 'Laxapana LED 9W'),
       (526, '4791010004619', 'Laxapana LED 12W', 26, 'Laxapana LED 12W'),
       (527, '4791010002127', 'Ninja Refill 30', 26, 'Ninja Refill 30'),
       (528, '4791010001434', 'Ninja Refill 45', 26, 'Ninja Refill 45'),
       (529, '4791010002134', 'Ninja Refill 60', 26, 'Ninja Refill 60'),
       (530, '4796004100513', 'Star Gold Soya Meat 100g', 25, 'Star Gold Soya Meat 100g'),
       (531, '4792143014155', 'Strawberry Melon Jam100g', 25, 'Strawberry Melon Jam100g'),
       (532, '4792143018115', 'Mixed Fruit Jam 200g', 25, 'Mixed Fruit Jam 200g'),
       (533, '4792143018214', 'Strawberry Melon Jam 200g', 25, 'Strawberry Melon Jam 200g'),
       (534, '4792143016418', 'Strawberry Melon Jam 300g', 25, 'Strawberry Melon Jam 300g'),
       (535, '4792143016210', 'Mixed Fruit 300g', 25, 'Mixed Fruit 300g'),
       (536, '4792143015220', 'Mixed Fruit 510g', 25, 'Mixed Fruit 510g'),
       (537, '4792143015428', 'Strawberry Melon Jam 510g', 25, 'Strawberry Melon Jam 510g'),
       (538, '4792143082130', 'Apple Juice 200ml', 25, 'Apple Juice 200ml'),
       (539, '4792143082338', 'Green Apple Juice 200ml', 25, 'Green Apple Juice 200ml'),
       (540, '4792143082239', 'Orange Juice 200ml', 25, 'Orange Juice 200ml'),
       (541, '4792143046118', 'Kist Chilli Sauce 190', 25, 'Kist Chilli Sauce 190'),
       (542, '4792143170110', 'Kist Soya Sauce 350ml', 25, 'Kist Soya Sauce 350ml'),
       (543, '4792143040314', 'Kist Tomato Sauce 400g', 24, 'Kist Tomato Sauce 400g'),
       (544, '4792143282417', 'Kist Ride Classic Drink 250ml', 25, 'Kist Ride Classic Drink 250ml'),
       (545, '4792143280215', 'Kist Orange Sparking Drink 215ml', 25, 'Kist Orange Sparking Drink 215ml'),
       (546, '4792143282318', 'Kist Ginger Beer 250ml', 25, 'Kist Ginger Beer 250ml'),
       (547, '4792143252120', 'Kist Aloe vera Drink 200ml', 25, 'Kist Aloe vera Drink 200ml'),
       (548, '4792143131920', 'Kist Orange Drink 200ml', 25, 'Kist Orange Drink 200ml'),
       (549, '4792143130329', 'Kist Mixed Fruit Drink 200ml', 25, 'Kist Mixed Fruit Drink 200ml'),
       (550, '4792143130121', 'Kist Mango Drink 200ml', 25, 'Kist Mango Drink 200ml'),
       (551, '4792143130428', 'Kist Woodapple Drink 200ml', 25, 'Kist Woodapple Drink 200ml'),
       (552, '4792143134310', 'kist Woodapple Drink 500ml', 25, 'kist Woodapple Drink 500ml'),
       (553, '4792143134211', 'Kist Mixed Fruit 500ml', 25, 'kist Woodapple Drink 500ml'),
       (554, '4792143254131', 'kist Aloevera Drink 500ml', 25, 'kist Aloevera Drink 500ml'),
       (555, '4792143138516', 'kist Orange Drink 500ml', 25, 'kist Orange Drink 500ml'),
       (556, '4792143133412', 'kist Orange Drink 1L', 25, 'kist Orange Drink 1L'),
       (557, '4792143133313', 'kist Woodapple Drink 1L', 25, 'kist Woodapple Drink 1L'),
       (558, '4792143133214', 'Kist Mixed Fruit 1L', 25, 'Kist Mixed Fruit 1L'),
       (559, '4792143133818', 'Kist Mango & Passion Drink 1L', 25, 'Kist Mango & Passion Drink 1L'),
       (560, '4792143133917', 'Kist Orange & Mango Drink 1L', 25, 'Kist Orange & Mango Drink 1L'),
       (561, '4792143084141', 'Kist Apple Juice 1L', 25, 'Kist Apple Juice 1L'),
       (562, '4792143084240', 'Kist Orange Juice 1L', 25, 'Kist Orange Juice 1L'),
       (563, '4792143084448', 'Kist Green Apple Juice 1L', 25, 'Kist Green Apple Juice 1L'),
       (564, '9066085415284', 'Happy Cow Chees Pice ', 25, 'Happy Cow Chees Pice '),
       (565, '425', 'Red Bull Drink 250ml', 25, 'Red Bull Drink 250ml'),
       (566, '90376238', 'Red Bull Sugar Free 250ml', 25, 'Red Bull Sugar Free 250ml'),
       (567, '4792143044435', 'Kist Tomato Sauce Catering Pack 4.2L', 25, 'Kist Tomato Sauce Catering Pack 4.2L'),
       (568, '4792143133115', 'Kist Mango Drink 1L', 25, 'Kist Mango Drink 1L'),
       (569, '4796013250002', 'Pepsi 250ml', 25, 'Pepsi 250ml'),
       (570, '4796013250003', '7 Up 250ml', 25, '7 Up 250ml'),
       (571, '4796013250004', 'Mirinda 250ml', 25, 'Mirinda 250ml'),
       (572, '4796013250007', 'Ole Cream Soda 250ml', 25, 'Ole Cream Soda 250ml'),
       (573, '4792241000012', 'Pepsi 500ml', 25, 'Pepsi 500ml'),
       (574, '4792241000050', '7 Up 500ml', 25, '7 Up 500ml'),
       (575, '4796013600189', 'Pepsi 750ml', 25, 'Pepsi 750ml'),
       (576, '4796013600202', '7 Up 750ml', 25, '7 Up 750ml'),
       (577, '4796013600219', 'Mountain Dew 750ml', 25, 'Mountain Dew 750ml'),
       (578, '4796013600196', 'Mirinda 750ml', 25, 'Mirinda 750ml'),
       (579, '4792241000258', 'Ole Cream Soda 750ml', 25, 'Ole Cream Soda 750ml'),
       (580, '4792241250813', 'Ole Ginger Beer 750ml', 25, 'Ole Ginger Beer 750ml'),
       (581, '4792241250011', 'Ole Zingo 750ml', 25, 'Ole Zingo 750ml'),
       (582, '4792241000029', 'Pepsi 1.5L', 25, 'Pepsi 1.5L'),
       (583, '4792241000043', 'Mirinda 1.5L', 25, 'Mirinda 1.5L'),
       (584, '4792241000067', '7 Up 1.5L', 25, '7 Up 1.5L'),
       (585, '4792241000180', 'Ole Cream Soda 1.5L', 25, 'Ole Cream Soda 1.5L'),
       (586, '4792241000784', 'Pepsi 1L', 25, 'Pepsi 1L'),
       (587, '4792241000821', '7 Up 1L', 25, '7 Up 1L'),
       (588, '4792241000845', 'Ole Cream Soda 1L', 25, 'Ole Cream Soda 1L'),
       (589, '4792229042430', 'Coca Cola 175ml', 25, 'Coca Cola 175ml'),
       (590, '4792229042720', 'Coca Cola 750ml', 25, 'Coca Cola 750ml'),
       (591, '4792229107207', 'CocaCola 1.5L', 25, 'CocaCola 1.5L'),
       (592, '4792229048739', 'Sprite 170ml', 25, 'Sprite 170ml'),
       (593, '4792229064005', 'Fanta Orange 750ml', 25, 'Fanta Oerange 750ml '),
       (594, '4792229207204', 'Sprite 1.5L', 25, 'Sprite 1.5L'),
       (595, '4792229019609', 'Fanta Orange 1.5L', 25, 'Fanta Oerange 1.5L '),
       (596, '4792229036897', 'Fanta Cream Soda 1.5L', 25, 'Fanta Cream Soda 1.5L'),
       (597, '4792019032542', 'Voodoo Talc Powder 60g', 24, 'Voodoo Talc Powder 60g'),
       (598, '4792019009544', 'Black Knight Talc 60g', 24, 'Black Knight Talc 60g'),
       (599, '4792019148809', 'Eva Cotton Feel Wings 10 Pack', 26, 'Eva Cotton Feel Wings 10 Pack'),
       (600, '4792019419800', 'Eva Dry Tex Wings 10 Pack', 26, 'Eva Dry Tex Wings 10 Pack'),
       (601, '4792019450421', 'Eva Cotton Feel Wings 2 Pack', 26, 'Eva Cotton Feel Wings 2 Pack'),
       (602, '4792019450438', 'Eva Dry Tex Wings 2 Pack', 26, 'Eva Dry Tex Wings 2 Pack'),
       (603, '4790015950617', 'Maliban Kiri 400g', 25, 'Maliban Kiri 400g'),
       (604, '4791034250016', 'Maliban kiri 250g', 25, 'Maliban kiri 250g'),
       (606, '4792029000074', 'Maliban Malt 400g', 25, 'Maliban Malt 400g'),
       (607, '4792029000029', 'Maliban Melko 400g', 25, 'Maliban Melko 400g'),
       (608, '4797001129101', 'The Ceylon Spring Water 500ml', 25, 'Maliban Melko 400g'),
       (609, '4797001129118', 'The Ceylon Spring Water 1L', 25, 'The Ceylon Spring Water 1L'),
       (610, '4797001129125', 'The Ceylon Spring Water 1.5L', 25, 'The Ceylon Spring Water 1.5L'),
       (611, '5000', 'The Ceylon Spring Water 5L', 25, 'The Ceylon Spring Water 5L'),
       (612, '100', 'Sudu Sini', 25, 'Sudu Sini'),
       (613, '105', 'Rathu Parippu', 25, 'Rathu Parippu'),
       (614, '110', 'Pan Piti', 25, 'Pan Piti'),
       (615, '115', 'Vatana Parippu', 25, 'Vatana Parippu'),
       (616, '120', 'Jambo Kadala', 25, 'Jambo Kadala'),
       (617, '500', 'Halmasso', 25, 'Halmasso'),
       (618, '125', 'Wiyali Miris Karal', 25, 'Wiyali Miris Karal'),
       (619, '130', 'Saw', 25, 'Saw'),
       (620, '135', 'Kottamalli', 25, 'Kottamalli'),
       (621, '140', 'Mahaduru', 25, 'Mahaduru'),
       (622, '145', 'Uluhal', 25, 'Uluhal'),
       (623, '150', 'Aba', 25, 'Aba'),
       (624, '155', 'Goraka', 25, 'Goraka'),
       (625, '160', 'Enasal', 25, 'Enasal'),
       (626, '165', 'Rata idi', 25, 'Rata idi'),
       (627, '170', 'Wiyali Midi', 25, 'Wiyali Midi'),
       (628, '175', 'Ajinamoto', 25, 'Ajinamoto'),
       (629, '180', 'Kurudu', 25, 'Kurudu'),
       (630, '4797001031602', 'Hiru Lunu Kata', 25, 'Hiru Lunu Kata. Salt'),
       (631, '4790013051019', 'Hiru Lunu Kudu', 25, 'Hiru Lunu Kudu. Salt'),
       (632, '400', 'Lucky Kalkiri 250ml', 25, 'Lucky Kalkiri 250ml'),
       (633, '185', 'Soya Meat', 25, 'Soya Meat'),
       (634, '190', 'Noodles', 25, 'Noodles'),
       (635, '195', 'The Kudu', 25, 'The Kudu'),
       (636, '200', 'Jayathilaka Idi Appa Piti', 25, 'Jayathilaka Idi Appa Piti'),
       (637, '205', 'Papadam Loose', 25, 'Papadam Loose. Iceland Papadam'),
       (638, '210', 'Mal Papadam', 25, 'Mal Papadam'),
       (639, '300', 'Ala', 25, 'Ala Potato'),
       (640, '305', 'B Lunu', 25, 'B Lunu. B Loonu'),
       (641, '310', 'Sudu Lunu', 25, 'Sudu Lunu. Sudu Loonu'),
       (642, '315', 'Pol', 25, 'Pol. Coconut'),
       (643, '320', 'Biththara', 25, 'Biththara. Egg'),
       (644, '505', 'Bombili Karawala', 25, 'Bombili Karawala'),
       (645, '510', 'Muhudu Kukula Karawala', 25, 'Muhudu Kukula Karawala'),
       (646, '515', 'Kilan Karawala', 25, 'Kilan Karawala. Keelan Karawala'),
       (647, '600', 'Idal', 25, 'Idal'),
       (648, '4792210100569', 'Atlas Ex Book 200P Single Rule', 26, 'Atlas Ex Book 200P Single Rule'),
       (649, '4792210100576', 'Atlas Ex Book 200P Square Rule', 26, 'Atlas Ex Book 200P Square Rule'),
       (650, '4792210100545', 'Atlas Ex Book 160P Single Rule', 26, 'Atlas Ex Book 160P Single Rule'),
       (651, '4792210100552', 'Atlas Ex Book 160P Square Rule', 26, 'Atlas Ex Book 160P Square Rule'),
       (652, '4792210100194', 'Atlas Ex Book 120P Single Rule', 26, 'Atlas Ex Book 120P Single Rule'),
       (653, '4792210100200', 'Atlas Ex Book 120P Square Rule', 26, 'Atlas Ex Book 120P Square Rule'),
       (654, '4792210100163', 'Atlas Ex Book 80P Single Rule', 26, 'Atlas Ex Book 80P Single Rule');
INSERT INTO `product` (`pid`, `barcode`, `product`, `catid`, `description`)
VALUES (655, '4792210100187', 'Atlas Ex Book 80P Square Rule', 26, 'Atlas Ex Book 80P Square Rule'),
       (656, '4792210101153', 'Atlas CR Book 200P Square Rule', 26, 'Atlas CR Book 200P Square Rule'),
       (657, '4792210101146', 'Atlas CR Book 200P Single Rule', 26, 'Atlas CR Book 200P Single Rule'),
       (658, '4792210100262', 'Atlas CR Book 160P Single Rule', 26, 'Atlas CR Book 160P Single Rule'),
       (659, '4792210100255', 'Atlas CR Book 120P Single Rule', 26, 'Atlas CR Book 120P Single Rule'),
       (660, '4792210100248', 'Atlas CR Book 80P Single Rule', 26, 'Atlas CR Book 80P Single Rule'),
       (661, '4792210101405', 'Atlas Drawing Book A4 40P', 26, 'Atlas Drawing Book A4 40P'),
       (662, '4792210101412', 'Atlas Drawing Book A4 80P', 26, 'Atlas Drawing Book A4 80P'),
       (663, '4792210100781', 'Atlas Eraser Small', 26, 'Atlas Eraser Small'),
       (664, '700', 'Atlas Shafner(Cutter)', 26, 'Atlas Shafner(Cutter)'),
       (665, '705', 'Atlas Tipex', 26, 'Atlas Tipex'),
       (666, '4792210103942', 'Atlas 1/2 Ruler', 26, 'Atlas 1/2 Ruler'),
       (667, '4792210102815', 'Atlas Colour Pencils', 26, 'Atlas Colour Pencils'),
       (668, '4792210103485', 'Atlas Pastels 12 Colors', 26, 'Atlas Pastels 12 Colors'),
       (669, '710', 'Atlas Chooty Pen Blue', 26, 'Atlas Chooty Pen Blue'),
       (670, '215', 'Polthel 750ml', 25, 'Polthel 750ml'),
       (671, '715', 'Atlas Chooty Pen Black', 26, 'Atlas Chooty Pen Black'),
       (672, '720', 'Atlas Chooty Pen Red', 26, 'Atlas Chooty Pen Red'),
       (673, '725', 'Atlas Pencil', 26, 'Atlas Pencil'),
       (674, '730', 'Atlas Kathuru Podi', 26, 'Atlas Kathuru Podi'),
       (675, '4792210108831', 'Atlas Glue Liquid 50ml', 26, 'Atlas Glue Liquid 50ml'),
       (676, '4792210103362', 'Atlas Glue Binder 40g', 26, 'Atlas Glue Binder 40g'),
       (677, '4791034005111', 'Maliban Choco Cream 100g', 25, 'Maliban Choco Cream 100g'),
       (678, '4791034072366', 'Maliban Choco Cream 200g', 25, 'Maliban Choco Cream 200g'),
       (679, '4791034004213', 'Maliban Chick Bits 30g', 25, 'Maliban Chick Bits 30g'),
       (680, '4791034070287', 'Maliban Choco Puff 200g', 25, 'Maliban Choco Puff 200g'),
       (681, '4791034027410', 'Maliban Gold Marie 80g', 25, 'Maliban Gold Marie 80g'),
       (682, '4791034072465', 'Maliban Gold Marie 240g', 25, 'Maliban Gold Marie 240g'),
       (683, '4791034070232', 'Maliban Ginger Biscuit 80g', 25, 'Maliban Ginger Biscuit 80g. Inguru'),
       (684, '4791034070263', 'Maliban Ginger Biscuit 240g', 25, 'Maliban Ginger Biscuit 240g. Inguru'),
       (685, '4791034017015', 'Maliban Lemon Puff 200g', 25, 'Maliban Lemon Puff 200g'),
       (686, '4791034070812', 'Maliban Cream Cracker 85g', 25, 'Maliban Cream Cracker 85g'),
       (687, '4791034042611', 'Maliban Cream Cracker 125g', 25, 'Maliban Cream Cracker 125g'),
       (688, '4791034042116', 'Maliban Cream Cracker 190g', 25, 'Maliban Cream Cracker 190g'),
       (689, '4791034071604', 'Maliban Cream Cracker 230g', 25, 'Maliban Cream Cracker 230g'),
       (690, '4791034042215', 'Maliban Cream Cracker 500g', 25, 'Maliban Cream Cracker 500g'),
       (691, '4792024013314', 'Nestle Milo Powder 200g', 25, 'Nestle Milo Powder 200g'),
       (692, '4792024013277', 'Nestle Milo Packet 15g', 25, 'Nestle Milo Packet 15g'),
       (693, '405', 'Nescafe Classic 1.2g', 25, 'Nescafe Classic 1.2g'),
       (694, '4792024013178', 'Nescafe Small Packet 18g', 25, 'Nescafe Small Packet 18g'),
       (695, '9556001299536', 'Nestle Cerelac Red Rice 200g', 25, 'Nestle Cerelac Red Rice 200g'),
       (696, '9556001299499', 'Nestle Cerelac Mixed Fruit 200g', 25, 'Nestle Cerelac Mixed Fruit 200g'),
       (697, '9556001299550', 'Nestle Cerelac Wheat, Honey 200g', 25, 'Nestle Cerelac Wheat, Honey 200g'),
       (698, '4800361421300', 'Nestle NAN2 300g', 25, 'Nestle NAN2 300g'),
       (699, '4800361421287', 'Nestle NAN1 300g', 25, 'Nestle NAN1 300g'),
       (700, '4800361416641', 'Nestle NAN3 300g', 25, 'Nestle NAN3 300g'),
       (701, '4800361421850', 'Nestle Lactogen1 300g', 25, 'Nestle Lactogen1 300g'),
       (702, '4800361421874', 'Nestle Lactogen2 300g', 25, 'Nestle Lactogen2 300g'),
       (703, '4792090115004', 'Kotmale Set Yoghurt 80g', 25, 'Kotmale Set Yoghurt 80g'),
       (704, '4792085002043', 'Kotmale Jelly Yoghurt 80g', 25, 'Kotmale Jelly Yoghurt 80g'),
       (705, '4792085002340', 'Kotmale Yoghurt Drink Aloevera 180ml', 25, 'Kotmale Yoghurt Drink Aloevera 180ml'),
       (706, '4792085018143', 'Kotmale Yoghurt Drink Vanilla 180ml', 25, 'Kotmale Yoghurt Drink Vanilla 180ml'),
       (707, '4792085018150', 'Kotmale Yoghurt Drink Strawberry180ml', 25, 'Kotmale Yoghurt Drink Strawberry180ml'),
       (708, '460', 'Samahan Packet 4g', 25, 'Samahan Packet 4g'),
       (709, '4792022092007', 'Link Paspanguwa 23g', 25, 'Link Paspanguwa 23g'),
       (710, '4792085002388', 'Kotmale Ice Cream Impulse Vanilla', 25, 'Kotmale Ice Cream Impulse Vanilla'),
       (711, '4792085002395', 'Kotmale Ice Cream Impulse Chocolate', 25, 'Kotmale Ice Cream Impulse Chocolate'),
       (712, '4792090120077', 'Kotmale Ice Cream Cone Vanilla', 25, 'Kotmale Ice Cream Cone Vanilla'),
       (713, '4792090120060', 'Kotmale Ice Cream Cone Chocolate', 25, 'Kotmale Ice Cream Cone Chocolate'),
       (714, '4792085002265', 'Kotmale Ice Cream Milky Pop Mango', 25, 'Kotmale Ice Cream Milky Pop Mango'),
       (715, '4792085002258', 'Kotmale Ice Cream Milky Pop Str', 25, 'Kotmale Ice Cream Milky Pop Strawberry'),
       (716, '4792090045011', 'Kotmale Ice Cream Vanilla 500ml', 25, 'Kotmale Ice Cream Vanilla 500ml'),
       (717, '4792090030017', 'Kotmale Ice Cream Chocolate 500ml', 25, 'Kotmale Ice Cream Chocolate 500ml'),
       (718, '4792090090004', 'Kotmale Ice Cream Fruit & Nut 500ml', 25, 'Kotmale Ice Cream Fruit & Nut 500ml'),
       (719, '4792090120053', 'Kotmale Ice Cream Vanilla & Choc 1l', 25, 'Kotmale Ice Cream Vanilla & Choc 1l'),
       (720, '4792090045028', 'Kotmale Ice Cream Vanilla 1l', 25, 'Kotmale Ice Cream Vanilla 1l'),
       (721, '4792090030024', 'Kotmale Ice Cream Chocolate 1l', 25, 'Kotmale Ice Cream Chocolate 1l'),
       (722, '4792090090028', 'Kotmale Ice Cream Fruit & Nut 1l', 25, 'Kotmale Ice Cream Fruit & Nut 1l'),
       (723, '4792090045035', 'Kotmale Ice Cream Vanilla 2l', 25, 'Kotmale Ice Cream Vanilla 2l'),
       (724, '4791085081126', 'Raththi 1Kg', 25, 'Raththi 1Kg'),
       (725, '4791085011123', 'Anchor 1Kg', 25, 'Anchor 1Kg'),
       (726, '235', 'Sukiri 100g', 25, 'Sukiri 100g'),
       (727, '910', 'Paper Plate 6 pack', 25, 'Paper Plate 6 pack'),
       (728, '915', 'Paper Plate 7 pack', 25, 'Paper Plate 7 pack'),
       (729, '920', 'Pahanthira', 25, 'Pahanthira'),
       (730, '925', 'Brown Paper Small ', 25, 'Brown Paper Small  '),
       (731, '930', 'Brown Paper Large', 25, 'Brown Paper Large'),
       (732, '4796011470036', 'Meadowlea 250g', 25, 'Meadowlea 250g'),
       (733, '4792024011792', 'Nestle Milkmade 390g', 25, 'Nestle Milkmade 390g'),
       (734, '450', 'Melko Kiri The 18g', 25, 'Melko Kiri The 18g'),
       (735, '240', 'Yashodha Umbalakada Sambola', 25, 'Yashodha Umbalakada Sambola'),
       (736, '455', 'Maliban kiri 60g', 25, 'Maliban kiri 60g'),
       (737, '4792149065014', 'Isi Rasa Mix 6g', 25, 'Isi Rasa Mix 6g'),
       (738, '525', 'Kenda Karawala', 25, 'Kenda Karawala'),
       (739, '030', 'Chamara Kises', 25, 'Chamara Kises. Sweets'),
       (740, '035', 'Ranmal Fruits Jelly', 25, 'Ranmal Fruits Jelly'),
       (741, '040', 'Wroo Pani Kaju', 25, 'Wroo Pani Kaju'),
       (742, '045', 'Wroo 10 Murukku', 25, 'Wroo 10 Murukku'),
       (743, '050', 'Dhammika Puhul Dosi', 25, 'Dhammika Puhul Dosi'),
       (744, '825', 'Sethmini Nadu Sahal', 25, 'Sethmini Nadu Sahal'),
       (745, '830', 'Sethmini Rathu Kakulu Sahal', 25, 'Sethmini Rathu Kakulu Sahal'),
       (746, '835', 'Sethmini Sudu Kakulu Sahal', 25, 'Sethmini Sudu Kakulu Sahal'),
       (747, '4796028070328', 'Champion Kottu Roti 500g', 25, 'Champion Kottu Roti 500g'),
       (748, '4796028070304', 'Champion Kottu Roti 1Kg', 25, 'Champion Kottu Roti 1Kg'),
       (749, '4796028070373', 'Champion Fish Samosha 10 Pieces', 25, 'Champion Fish Samosha 10 Pieces'),
       (750, '4796028070342', 'Champion Chinese Rolls 12 Pieces', 25, 'Champion Chinese Rolls 12 Pieces'),
       (751, '1005', 'Malindu Ice Packet', 25, 'Malindu Ice Packet'),
       (752, '4796003980031', 'Malindu Pani Yoghurt', 25, 'Malindu Pani Yoghurt'),
       (753, '4796003980079', 'Malindu 1l Curd Cup', 25, 'Malindu 1l Curd Cup'),
       (754, '4796003980048', 'Malindu 500ml Curd Cup', 25, 'Malindu 500ml Curd Cup'),
       (755, '4796024830681', 'Habala Pethi 250g', 25, 'Habala Pethi 250g. Rice Flakes'),
       (756, '4796009050523', 'Irahanda Aloe Koma 200ml', 25, 'Irahanda Aloe Koma 200ml'),
       (757, '4796009050301', 'Irahanda Maha Lakshmi Suwada Dhoopaya Small', 25,
        'Irahanda Maha Lakshmi Suwada Dhoopaya Small'),
       (758, '4796009050318', 'Irahanda Maha Lakshmi Suwada Dhoopaya Large', 25,
        'Irahanda Maha Lakshmi Suwada Dhoopaya Large'),
       (759, '4796003220069', 'Rentokil Masi Kata 10g', 25, 'Rentokil Masi Kata 10g'),
       (760, '8181140262328', 'Rentokil Rat & Mouse Kill 15g', 25, 'Rentokil Rat & Mouse Kill 15g'),
       (761, '3516661080017', 'DCL Instant Yeast', 25, 'DCL Instant Yeast'),
       (762, '6739225235822', 'Zorro Lighter', 25, 'Zorro Lighter'),
       (763, '4793001149002', 'New Wasana Pethi Pan 370g', 25, 'New Wasana Pethi Pan  370g '),
       (764, '1105', 'New Wasana Chocolate Bun 5 Pack', 25, 'New Wasana Chocolate Bun 5 Pack '),
       (765, '1115', 'New Wasana Cream Bun 5 Pack', 25, 'New Wasana Cream Bun 5 Pack '),
       (766, '1100', 'New Wasana Chocolate Bun 3 Pack', 25, 'New Wasana Chocolate Bun 3 Pack'),
       (767, '1110', 'New Wasana Cream Bun 3 Pack', 25, 'New Wasana Cream Bun 3 Pack'),
       (768, '4793001149071', 'New Wasana Viskiringha Packet', 25, 'New Wasana Viskiringha Packet'),
       (769, '1120', 'New Wasana Chanakatha Batta', 25, 'New Wasana Chanakatha Batta'),
       (770, '750', 'Rubic Cube', 25, 'Rubic Cube'),
       (771, '755', 'Tape Black', 25, 'Tape Black'),
       (772, '760', 'Tape White', 25, 'Tape White'),
       (773, '6923604616979', 'Shoe Polish Black', 25, 'Shoe Polish Black'),
       (774, '765', 'Card Pack', 25, 'Card Pack'),
       (775, '770', 'Niya Cutter Small', 26, 'Niya Cutter Small '),
       (776, '775', 'Niya Cutter Large', 26, 'Niya Cutter Large '),
       (777, '780', 'Birthday Baloon', 25, 'Birthday Baloon'),
       (778, '785', 'Baloon Small', 25, 'Baloon Small'),
       (779, '790', 'Baloon Large', 25, 'Baloon Large'),
       (780, '795', 'Walan Sponch', 25, 'Walan Sponch'),
       (781, '796', 'Sponch', 25, 'Sponch'),
       (782, '797', 'Super Glue', 25, 'Super Glue'),
       (783, '798', 'Hatta Katu', 25, 'Hatta Katu'),
       (784, '7991', 'Marker Pen', 25, 'Marker Pen'),
       (785, '7992', 'Permanent Marker Pen', 25, 'Permanent Marker Pen'),
       (786, '07059', 'Mobitel 59', 26, 'Mobitel 59'),
       (787, '070119', 'Mobitel 119', 25, 'Mobitel 119'),
       (788, '07050', 'Mobitel 50', 26, 'Mobitel 50'),
       (789, '070100', 'Mobitel 100', 26, 'Mobitel 100'),
       (790, '7702018441846', 'Gillette Simple 3 Racer ', 25, 'Gillette Simple 3 Racer '),
       (791, '7702018603015', 'Gillette Comfort 3 Racer ', 25, 'Gillette Comfort 3 Racer '),
       (792, '8888826016410', 'Gillette DSY Ladies Razor ', 25, 'Gillette DSY Ladies Razor '),
       (793, '4796026409526', 'Envoy Ceylon Tea 50g', 25, 'Envoy Ceylon Tea 50g'),
       (794, '840', 'Araliya Nadu', 25, 'Araliya Nadu'),
       (795, '935', 'Amins Black Hena', 25, 'Amins Black Hena'),
       (796, '465', 'Puja Hadunkuru 50', 25, 'Pooja Handunkuru 50'),
       (797, '470', 'Saman Pichcha Mal Hadunkuru', 25, 'Saman Pichcha Mal Hadunkuru'),
       (798, '475', 'Puja Pahanthira 20', 25, 'Puja Pahanthira 20'),
       (799, '1125', 'Rajapaksha Pethi pan', 25, 'Rajapaksha Pethi pan'),
       (800, '1130', 'Rajapaksha Tea Bun', 25, 'Rajapaksha Tea Bun'),
       (801, '1135', 'Rajapaksha Cream Bun', 25, 'Rajapaksha Cream Bun'),
       (802, '1140', 'Rajapaksha Strawberry/ Cocoa Bun', 25, 'Rajapaksha Strawberry/ Cocoa Bun'),
       (803, '1145', 'Rajapaksha kiri Pan', 25, 'Rajapaksha kiri Pan'),
       (804, '1150', 'Rajapaksha Viskirichcha', 25, 'Rajapaksha Viskirichcha'),
       (805, '1155', 'Rajapaksha Cream Bun 4 Pack', 25, 'Rajapaksha Cream Bun 4 Pack'),
       (806, '1160', 'Rajapaksha Viskothu', 25, 'Rajapaksha Viskothu'),
       (807, '1165', 'Rajapaksha Honey Bar', 25, 'Rajapaksha Honey Bar'),
       (808, '4791066004120', 'Elephant House Orange Crush 500ml', 25, 'Elephant House Orange Crush 500ml\r\n\r\n'),
       (809, '4791066004106', 'Elephant House Cream Soda 500ml', 25, 'Elephant House Cream Soda 500ml'),
       (810, '4791066004113', 'Elephant House Necto 500ml', 25, 'Elephant House Necto 500ml'),
       (811, '4791066004137', 'Elephant Soda 500ml', 25, 'Elephant Soda 500ml'),
       (812, '4791066003611', 'Elephant Necto 200ml', 25, 'Elephant Necto 200ml'),
       (813, '4791066003680', 'Elephant Cream Soda 200ml', 25, 'Elephant Cream Soda 200ml'),
       (814, '4791066003635', 'Elephant Orange Crush 200ml', 25, 'Elephant Orange Crush 200ml'),
       (815, '4791066100716', 'Elephant Orange Barley 1l', 25, 'Elephant Orange Barley 1l'),
       (816, '4791066100624', 'Elephant Lemonade 1l', 25, 'Elephant Lemonade 1l'),
       (817, '4791066100631', 'Elephant Orange Crush 1l', 25, 'Elephant Orange Crush 1l'),
       (818, '4791066100600', 'Elephant Cream Soda 1l', 25, 'Elephant Cream Soda 1l'),
       (819, '4791066100617', 'Elephant Necto 1l', 25, 'Elephant Necto 1l'),
       (820, '4791066101072', 'Elephant Soda 1l', 25, 'Elephant Soda 1l'),
       (821, '4791066101065', 'Elephant Egb 1l', 25, 'Elephant Egb 1l'),
       (822, '4791066003109', 'Elephant Orange Barley 1.5l', 25, 'Elephant Orange Barley 1.5l'),
       (823, '4791066003062', 'Elephant Lemonade 1.5l', 25, 'Elephant Lemonade 1.5l'),
       (824, '4791066003079', 'Elephant Orange Crush 1.5l', 25, 'Elephant Orange Crush 1.5l'),
       (825, '4791066003055', 'Elephant Cream Soda 1.5l', 25, 'Elephant Cream Soda 1.5l'),
       (826, '4791066003048', 'Elephant Egb 1.5l', 25, 'Elephant Egb 1.5l'),
       (827, '4791066003086', 'Elephant Soda 1.5l', 25, 'Elephant Soda 1.5l'),
       (828, '4791066003093', 'Elephant Necto 1.5l', 25, 'Elephant Necto 1.5l'),
       (829, '4791066100723', 'Kik Cola 1l', 25, 'Kik Cola 1l'),
       (830, '245', 'Inawap Gammiris Pack 6.5g', 25, 'Inawap Gammiris Pack 6.5g'),
       (831, '250', 'Inawap Deheth pack 4g', 25, 'Inawap Deheth pack 4g'),
       (832, '4796010360017', 'Kurakkan Piti 400g', 25, 'Kurakkan Piti 400g'),
       (833, '255', 'Wasana Kurakkan Piti 400g', 25, 'Wasana Kurakkan Piti 400g'),
       (834, '4796012130021', 'Dadayam Batta 70G', 25, 'Dadayam Batta 70G'),
       (835, '4796012130632', 'Lakmee black Chicken 85G', 25, 'Lakmee black Chicken 85G'),
       (836, '4796002070153', 'Lanka soy curry Test 90g', 25, 'Lanka soy curry Test 90g'),
       (837, '4796002070160', 'Lanka Soy Chicken 90g', 25, 'Lanka Soy Chicken 90g'),
       (838, '4796002070139', 'Lanka soy Jaffna Curry 90g', 25, 'Lanka soy Jaffna Curry 90g'),
       (839, '4796002018001', 'Lanka soy Jambo Chicken 120g', 25, 'Lanka soy Jambo Chicken 120g'),
       (840, '4796002070221', 'Lanka soy Chickosoy chilli chicken 90g', 25, 'Lanka soy Chickosoy chilli chicken 90g'),
       (841, '4796002070238', 'Lanka soy Roast chicken 90g', 25, 'Lanka soy Roast chicken 90g'),
       (842, '4796002002000', 'Lanka soy Devilled chicken 90g', 25, 'Lanka soy Devilled chicken 90g'),
       (843, '4796002019008', 'Lankasoy kirimalu 50g', 25, 'Lankasoy kirimalu 50g'),
       (844, '4796002070313', 'Lankasoy Devilled prawn 90g', 25, 'Lankasoy Devilled prawn 90g'),
       (845, '4796002070306', 'Lankasoy Cuttlefish 90g', 25, 'Lankasoy Cuttlefish 90g'),
       (846, '4796002070146', 'Lankasoy Regular 90g', 25, 'Lankasoy Regular 90g'),
       (847, '4792109000680', 'Oats 200g', 25, 'Oats 200g'),
       (848, '4796002404002', 'Choco Blobs 20g', 25, 'Choco Blobs 20g'),
       (849, '4792109000772', 'Samaposha Choxy 180g', 25, 'Samaposha Choxy 180g'),
       (850, '4792109000710', 'Samaposha Milky 200g', 25, 'Samaposha Milky 200g'),
       (851, '4792109000727', 'Samaposha Milky 700g', 25, 'Samaposha Milky 700g'),
       (852, '4792109000482', 'Samaposha 500g', 25, 'Samaposha 500g'),
       (853, '4792109000024', 'Samaposha 200g', 25, 'Samaposha 200g'),
       (854, '4796010920013', 'Sisiliyan The 50g', 25, 'Sisiliyan The 50g'),
       (855, '00208395', 'Goraka Cream 100g', 25, 'Goraka Cream 100g'),
       (856, '2000', 'Air Freshener jesmine 480ml', 25, 'Air Freshener jesmine 480ml'),
       (857, '4796026930235', 'Shoe brush large ', 25, 'Shoe brush large '),
       (858, '4796026930631', 'Shoe Brush Small', 25, 'Shoe Brush Small'),
       (859, '4796026930150', 'Air Frieshner strawberry 150ml', 25, 'Air Frieshner strawberry 150ml'),
       (860, '4796026930181', 'Air Frieshner jasmine 150ml', 25, 'Air Frieshner jasmine 150ml'),
       (861, '4796026930167', 'Air Frieshner English Rose150ml', 25, 'Air Frieshner English Rose150ml'),
       (862, '4796011310059', 'My Fresh Strawberry 100g', 25, 'My Fresh Strawberry 100g'),
       (863, '4796011310066', 'My Fresh English Rose 100g', 25, 'My Fresh English Rose 100g'),
       (864, '4796011310035', 'My Fresh Cube Lavendra 50g', 25, 'My Fresh Cube Lavendra 50g'),
       (865, '4796026930211', 'My fresh Lavender 50g', 25, 'My fresh Lavender 50g'),
       (866, '4796026930198', 'My fresh Rose 45g', 25, 'My fresh Rose 45g'),
       (867, '4796026930204', 'My Fresh Jasmine 50g', 25, 'My Fresh Jasmine 50g'),
       (868, '4796026930334', 'My fresh Strawberry 45g', 25, 'My fresh Strawberry 45g'),
       (869, '4796011310028', 'My Fresh English Rose 50g', 25, 'My Fresh English Rose 50g'),
       (870, '4796011310011', 'My fresh Strawberry 50g', 25, 'My fresh Strawberry 50g'),
       (871, '4796011310479', 'My fresh Jasmine 50', 25, 'My fresh Jasmine 50'),
       (872, '4796026930723', 'Liquid shoe polish 40ml', 25, 'Liquid shoe polish 40ml'),
       (873, '4796026930730', 'Liquid shoe polish Black 40ml', 25, 'Liquid shoe polish Black 40ml'),
       (874, '4796026930525', 'Liquid shoe polish Brown 40ml', 25, 'Liquid shoe polish Brown 40ml'),
       (875, '8901023025075', 'power pack rose fresh blossom 10g', 25, 'power pack rose fresh blossom 10g'),
       (876, '8901023025181', 'power pack Lavender bloom 10g', 25, 'power pack Lavender bloom 10g'),
       (877, '8901023025082', 'power pack sea breeze 10g', 25, 'power pack sea breeze 10g'),
       (878, '8901023025068', 'power pack berry rush 10g', 25, 'power pack berry rush 10g'),
       (879, '8901023025846', 'power pack jasmine floral delight 10g', 25, 'power pack jasmine floral delight 10g'),
       (880, '8901023028434', 'power pack lemon tangy delight 10g', 25, 'power pack lemon tangy delight 10g'),
       (881, '8901157102215', 'Hitline Chalk', 25, 'Hitline Chalk'),
       (882, '1010', 'Michico ice packet', 25, 'Michico ice packet'),
       (883, '1015', 'Michico Watalappan', 25, 'Michico Watalappan'),
       (884, '845', 'Suwadel - Heladi life', 25, 'Suwadel -Heladi life'),
       (885, '3000', 'lansheet', 25, 'lansheet'),
       (886, '07550', 'Airtel 50', 25, 'Airtel 50'),
       (887, '07579', 'Airtel 79 Data', 25, 'Airtel 79 Data'),
       (888, '530', 'Alankulama Half Chiken', 25, 'Alankulama Half Chiken'),
       (889, '535', 'Alankulama Cut Chiken ', 25, 'Alankulama Cut Chiken '),
       (890, '4793002506453', 'Welmee Paniya 100ml', 25, 'Welmee Paniya 100ml'),
       (891, '4793002506460', 'Pawatta Thal sukiri Peniya 100ml', 25, 'Pawatta Thal sukiri Peniya 100ml'),
       (892, '4796009710038', 'Jayathilaka Idiappa Piti Packet', 25, 'Jayathilaka Idiappa Piti Packet'),
       (893, '811', 'Kiri Samba', 25, 'Kiri Samba'),
       (894, '10000', 'Gold Leaf ', 25, 'Gold Leaf'),
       (895, '15000', 'Capstan cygarat', 25, 'Capstan cygarat'),
       (896, '8901396311003', 'Dettol  Hand Wash', 25, 'Dettol  Hand Wash'),
       (897, '4792037418298', ' Dettol Cool hand Wash', 25, ' Dettol Cool hand Wash'),
       (898, '4792037315214', 'Dettol Liquid', 25, 'Dettol Liquid'),
       (899, '4792037579791', 'Dettol Liquid 100Ml', 25, 'Dettol Liquid 100Ml'),
       (900, '4797001021054', 'Ocean Star Small ', 25, 'Ocean Star Small'),
       (901, '4792190120588', 'Scan jumbo Peanuts', 25, 'Scan jumbo Peanuts'),
       (902, '4792190121066', 'Scan jumbo peanuts 35g', 25, 'Scan jumbo peanuts 35g'),
       (903, '4796005673306', 'Marmite', 25, 'Marmite'),
       (904, '855', 'paspanguwa Jeewa Ayurwardhani', 25, 'paspanguwa Jeewa Ayurwardhani'),
       (905, '860', 'Nil Mo Bottle 75 ml', 25, 'Nil Mo Bottle 75 ml'),
       (906, '4792085001886', 'kotmale lasi mango ', 25, 'kotmale lasi mango '),
       (907, '4792085018136', 'kotmale curd 450 g', 25, 'kotmale curd 450 g'),
       (908, '8888101611804', 'Munchee Cheese Button Biscuits Tin 250g', 25, 'Munchee Cheese Button Biscuits Tin 250g'),
       (909, '4792094004014', 'Higland Set yoghurt 80g', 25, 'Higland Set yoghurt 80g'),
       (910, '4792094008111', 'Highland Vanil 1liter', 25, 'Highland Vanil 1liter'),
       (911, '4792094008203', 'Highland Chocolate 1Liter', 25, 'Highland Chocolate 1Liter'),
       (912, '4792094009019', 'Highland Curd 510g', 25, 'Highland Curd 510g'),
       (913, '4792094006025', 'Highland Buter 200g', 25, 'Highland Buter 200g'),
       (914, '4792094001525', 'High Land Fresh Milk 450ml', 25, 'High Land Fresh Milk 450ml'),
       (915, '4791034070546', 'Real chocolate Cream Bisscuts 400g', 25, 'Real chocolate Cream Bisscuts 400g'),
       (916, '4797001155551', 'WinKis 5l water ', 25, 'WinKis 5l water '),
       (917, '865', 'Basumathi 1kg -Heladi life', 25, 'Basumathi 1kg -Heladi life'),
       (918, '2005', 'Face Maak ', 26, 'Face Maak '),
       (919, '4796006551023', 'Shakthi pahanthira 70', 25, 'Shakthi pahanthira 70'),
       (920, '1131', 'Raja Paksha Mal Bun170g', 25, 'Raja Paksha Mal Bun170g');

-- --------------------------------------------------------

--
-- Table structure for table `product_stock`
--

CREATE TABLE `product_stock`
(
  `id`            int(11) NOT NULL,
  `pid`           int(11) NOT NULL,
  `stock`         float NOT NULL,
  `purchaseprice` float NOT NULL,
  `saleprice`     float NOT NULL,
  `ourprice`      float NOT NULL
) ENGINE=InnoDB DEFAULT CHARSET=utf8mb4 COLLATE=utf8mb4_general_ci;

--
-- Dumping data for table `product_stock`
--

INSERT INTO `product_stock` (`id`, `pid`, `stock`, `purchaseprice`, `saleprice`)
VALUES (22, 22, 143, 126, 145),
       (23, 23, 142, 136, 145),
       (24, 24, 174, 100, 130),
       (25, 25, 141, 140, 160),
       (26, 26, 90, 116, 130),
       (27, 27, 179, 118, 125),
       (28, 28, 142, 140, 160),
       (29, 29, 143, 105, 115),
       (30, 30, 140, 105, 115),
       (31, 31, 142, 105, 115),
       (32, 32, 143, 105, 115),
       (33, 33, 140, 105, 115),
       (34, 34, 135, 149.66, 160),
       (35, 35, 35, 395, 420),
       (36, 36, 114, 142.17, 150),
       (37, 37, 136, 65, 70),
       (38, 38, 43, 169, 180),
       (39, 39, 287, 37.45, 40),
       (40, 40, 46, 174, 185),
       (41, 41, 28, 328, 350),
       (42, 42, 18, 215, 245),
       (43, 43, 12, 262, 305),
       (44, 44, 19, 255, 300),
       (45, 45, 72, 112, 140),
       (46, 46, 58, 114, 125),
       (47, 47, 60, 183, 200),
       (48, 48, 24, 245, 275),
       (49, 49, 30, 200, 260),
       (50, 50, 24, 186.5, 230),
       (51, 51, 119, 109, 120),
       (52, 52, 48, 223, 265),
       (53, 53, 23, 403, 480),
       (54, 54, 17, 130, 140),
       (55, 55, 3, 267, 285),
       (56, 56, 12, 252, 360),
       (57, 57, 5, 325, 340),
       (59, 59, 12, 310, 335),
       (61, 61, 11, 141, 150),
       (62, 62, 5, 141, 150),
       (63, 63, 7, 141, 150),
       (64, 64, 15, 134, 145),
       (65, 65, 7, 134, 145),
       (66, 66, 35, 121, 130),
       (67, 67, 2, 277, 300),
       (68, 68, 7, 277, 300),
       (69, 69, 32, 122, 150),
       (70, 70, 8, 122, 150),
       (71, 71, 20, 122, 150),
       (72, 72, 397, 10.5, 19.75),
       (73, 73, 686, 15.2083, 20),
       (74, 74, 9, 1550, 1650),
       (75, 75, 1, 1045, 1100),
       (76, 76, 39, 150, 300),
       (77, 77, 240, 22, 25),
       (78, 78, 23, 300, 325),
       (79, 79, 348, 18.55, 20),
       (80, 80, 14, 399, 420),
       (81, 81, 100, 112, 120),
       (82, 82, 98, 110, 120),
       (83, 83, 118, 27, 30),
       (84, 84, 17, 430, 440),
       (85, 85, 35, 206, 220),
       (86, 86, 46, 205, 220),
       (87, 87, 11, 854, 880),
       (88, 88, 72, 83, 90),
       (89, 89, 48, 128, 170),
       (90, 90, 47, 88, 110),
       (91, 91, 47, 104, 125),
       (92, 92, 47, 144, 170),
       (93, 93, 50, 136, 160),
       (94, 94, 67, 136, 140),
       (95, 95, 80, 28.5, 30),
       (96, 96, 11, 750, 790),
       (97, 97, 39, 460, 490),
       (98, 98, 38, 785, 830),
       (99, 99, 45, 530.75, 550),
       (100, 100, 39, 595, 620),
       (101, 101, 34, 1042.2, 1080),
       (102, 102, 20, 1042.2, 1080),
       (103, 103, 12, 1300, 1350),
       (104, 104, 45, 200, 220),
       (105, 105, 444, 66, 70),
       (106, 106, 47, 115, 130),
       (107, 107, 446, 57.9, 60),
       (108, 108, 46, 355, 400),
       (109, 109, 15, 250, 495),
       (110, 110, 11, 1208, 1250),
       (111, 111, 10, 270, 300),
       (112, 112, 65, 380, 510),
       (113, 113, 1350, 3.333, 3.75),
       (114, 114, 14, 350, 370),
       (115, 115, 15, 190, 230),
       (116, 116, 32, 82, 85),
       (117, 117, 57, 33, 35),
       (118, 118, 19, 575, 620),
       (119, 119, 34, 115, 130),
       (120, 120, 11, 219, 250),
       (121, 121, 99, 47.143, 50),
       (122, 122, 18, 175, 250),
       (123, 123, 116, 85, 200),
       (124, 124, 118, 114, 130),
       (125, 125, 116, 103, 125),
       (126, 126, 120, 89, 100),
       (127, 127, 117, 120, 150),
       (128, 128, 58, 281.82, 310),
       (129, 129, 24.75, 255, 400),
       (130, 130, 25, 230, 500),
       (131, 131, 1, 6250, 10250),
       (132, 132, 5, 850, 1650),
       (133, 133, 5, 850, 1650),
       (136, 136, 1000, 0.95, 2),
       (137, 137, 246, 190, 220),
       (139, 139, 130, 185, 210),
       (141, 141, 30, 215, 230),
       (142, 142, 5, 220, 350),
       (143, 143, 2, 292, 700),
       (144, 144, 2, 220, 500),
       (145, 145, 46, 118, 125),
       (146, 146, 68, 56, 60),
       (147, 147, 4, 312.889, 440),
       (148, 148, 4, 312.889, 440),
       (149, 149, 4, 312.889, 440),
       (150, 150, 4, 312.889, 440),
       (151, 151, 4, 312.889, 440),
       (152, 152, 4, 312.889, 440),
       (153, 153, 3, 312.889, 440),
       (154, 154, 6, 473.143, 690),
       (155, 155, 5, 473.143, 690),
       (156, 156, 6, 473.143, 690),
       (157, 157, 5, 473.143, 690),
       (158, 158, 6, 473.143, 690),
       (159, 159, 6, 473.143, 690),
       (160, 160, 6, 473.143, 690),
       (161, 161, 2, 708, 885),
       (162, 162, 2, 552, 690),
       (163, 163, 2, 504, 630),
       (164, 164, 4, 504, 630),
       (165, 165, 2, 600, 750),
       (166, 166, 3, 248, 310),
       (167, 167, 3, 328, 410),
       (168, 168, 2, 768, 960),
       (169, 169, 1, 768, 960),
       (170, 170, 3, 328, 410),
       (171, 171, 3, 552, 690),
       (172, 172, 2, 472, 590),
       (173, 173, 2, 708, 885),
       (174, 174, 2, 708, 885),
       (175, 175, 5, 156, 195),
       (176, 176, 3, 312, 390),
       (177, 177, 2, 336, 420),
       (178, 178, 2, 336, 420),
       (179, 179, 2, 360, 450),
       (180, 180, 2, 360, 450),
       (181, 181, 2, 312, 390),
       (182, 182, 4, 40, 50),
       (183, 183, 3, 80, 100),
       (184, 184, 4, 128, 160),
       (185, 185, 4, 256, 320),
       (186, 186, 4, 80, 100),
       (187, 187, 5, 120, 150),
       (188, 188, 4, 96, 120),
       (189, 189, 1, 80, 100),
       (190, 190, 2, 80, 100),
       (191, 191, 4, 80, 100),
       (192, 192, 5, 176, 220),
       (193, 193, 7, 88, 110),
       (194, 194, 4, 176, 220),
       (195, 195, 7, 40, 50),
       (196, 196, 8, 88, 110),
       (197, 197, 8, 40, 50),
       (198, 198, 2, 96, 120),
       (199, 199, 1, 96, 120),
       (200, 200, 5, 176, 220),
       (201, 201, 5, 176, 220),
       (202, 202, 3, 200, 250),
       (203, 203, 8, 40, 50),
       (204, 204, 4, 176, 220),
       (205, 205, 4, 207, 230),
       (206, 206, 2, 207, 230),
       (207, 207, 2, 207, 230),
       (208, 208, 2, 207, 230),
       (209, 209, 5, 207, 230),
       (210, 210, 3, 207, 230),
       (211, 211, 5, 144, 160),
       (212, 212, 3, 347.78, 385),
       (213, 213, 3, 347.52, 380),
       (214, 214, 2, 201.21, 220),
       (215, 215, 3, 348.21, 385),
       (216, 216, 2, 136.52, 150),
       (217, 217, 3, 145.27, 160),
       (218, 218, 5, 112.5, 125),
       (219, 219, 3, 112.5, 125),
       (220, 220, 1, 112.5, 125),
       (221, 221, 15, 52.82, 60),
       (222, 222, 3, 194.36, 215),
       (223, 223, 9, 90, 100),
       (224, 224, 9, 90, 100),
       (226, 225, 3, 685, 840),
       (227, 226, 3, 685, 840),
       (228, 227, 14, 78, 95),
       (229, 228, 14, 156, 190),
       (230, 229, 4, 390, 475),
       (231, 230, 16, 71, 85),
       (232, 231, 8, 142, 170),
       (233, 232, 18, 78, 95),
       (234, 233, 5, 156, 190),
       (235, 234, 4, 390, 475),
       (236, 235, 17, 98.5, 115),
       (237, 236, 7, 192, 225),
       (238, 237, 19, 85.5, 100),
       (239, 238, 20, 112.5, 135),
       (240, 239, 9, 225, 270),
       (241, 240, 5, 384, 450),
       (242, 241, 17, 96, 110),
       (243, 242, 7, 188.5, 215),
       (244, 243, 4, 377, 430),
       (245, 244, 7, 68.5, 80),
       (246, 245, 10, 144.75, 170),
       (247, 246, 5, 234, 280),
       (248, 247, 4, 209, 250),
       (249, 248, 8, 123.5, 140),
       (250, 249, 16, 429, 485),
       (251, 250, 4, 473, 540),
       (252, 251, 3, 473, 540),
       (253, 252, 2, 473, 540),
       (254, 253, 2, 473, 540),
       (255, 254, 9, 104, 120),
       (256, 255, 15, 106.26, 120),
       (257, 255, 2, 0, 120),
       (258, 256, 17, 106.26, 120),
       (259, 257, 12, 106.26, 120),
       (260, 258, 7, 106.26, 120),
       (261, 259, 12, 106.26, 120),
       (262, 260, 40, 86.68, 100),
       (263, 260, 3, 0, 100),
       (264, 261, 39, 86.68, 100),
       (265, 262, 12, 178.05, 200),
       (266, 263, 4, 113.69, 140),
       (267, 264, 3, 302.86, 350),
       (268, 265, 3, 338.41, 400),
       (269, 266, 3, 133.72, 150),
       (270, 267, 10, 283.81, 330),
       (271, 268, 10, 296.75, 340),
       (272, 269, 3, 212.04, 250),
       (273, 270, 1, 214.59, 250),
       (274, 271, 3, 214.59, 250),
       (275, 272, 10, 113, 130),
       (276, 273, 10, 113, 130),
       (277, 274, 31, 52, 60),
       (278, 275, 27, 52, 60),
       (279, 276, 3, 208.83, 240),
       (280, 277, 7, 208.83, 240),
       (281, 278, 14, 69.22, 80),
       (282, 279, 2, 428, 490),
       (283, 280, 14, 126, 140),
       (284, 281, 12, 180, 200),
       (285, 282, 2, 270, 300),
       (286, 283, 7, 424.8, 475),
       (287, 284, 15, 81, 90),
       (288, 285, 12, 108, 120),
       (289, 286, 15, 207, 230),
       (290, 287, 7, 297, 330),
       (291, 288, 12, 162, 180),
       (292, 289, 10, 117, 130),
       (293, 290, 14, 225, 250),
       (294, 291, 12, 117, 130),
       (295, 292, 8, 225, 250),
       (296, 293, 58, 78.75, 90),
       (297, 294, 12, 135, 150),
       (298, 295, 10, 45, 50),
       (299, 296, 11, 72, 80),
       (300, 297, 12, 112.45, 130),
       (301, 298, 11, 207.6, 240),
       (302, 299, 12, 96.8, 110),
       (303, 300, 12, 193.6, 220),
       (304, 301, 12, 207, 230),
       (305, 302, 10, 198, 220),
       (306, 303, 4, 171, 190),
       (307, 304, 4, 117, 130),
       (308, 305, 8, 216, 240),
       (309, 306, 10, 108, 120),
       (310, 307, 7, 207, 230),
       (311, 308, 3, 342, 380),
       (312, 309, 3, 360, 400),
       (314, 311, 15, 287.1, 330),
       (315, 312, 4, 360, 400),
       (316, 313, 6, 354.65, 410),
       (317, 314, 6, 90, 100),
       (318, 315, 43, 35.2, 40),
       (319, 316, 42, 35.2, 40),
       (320, 317, 8, 180, 200),
       (321, 318, 12, 156.347, 175),
       (322, 319, 2, 1061.54, 1490),
       (323, 320, 1, 1061.54, 1490),
       (324, 321, 5, 596.667, 750),
       (325, 322, 9, 27.273, 30),
       (326, 322, 1, 0, 30),
       (327, 323, 25, 40.098, 50),
       (328, 324, 4, 508.6, 580),
       (329, 325, 12, 160.492, 175),
       (330, 326, 12, 160.492, 175),
       (331, 327, 2, 136.363, 150),
       (332, 328, 5, 136.363, 150),
       (333, 329, 3, 354.547, 390),
       (334, 330, 3, 354.547, 390),
       (335, 331, 6, 386.363, 425),
       (336, 332, 6, 598.142, 650),
       (337, 333, 47, 69.936, 80),
       (338, 334, 24, 259.091, 285),
       (339, 335, 22, 181.818, 200),
       (340, 336, 24, 104.545, 115),
       (341, 337, 2, 1600, 2000),
       (342, 338, 2, 1600, 2000),
       (343, 339, 2, 1423.79, 1700),
       (344, 340, 2, 1423.79, 1700),
       (345, 341, 2, 1423.79, 1700),
       (346, 342, 5, 401.64, 490),
       (347, 343, 5, 401.64, 490),
       (348, 344, 2, 412.555, 460),
       (349, 345, 2, 412.555, 460),
       (350, 346, 2, 410.47, 470),
       (351, 347, 2, 200.875, 230),
       (352, 348, 6, 305.676, 350),
       (353, 349, 5, 421.524, 470),
       (354, 350, 3, 780.27, 870),
       (355, 351, 5, 439.462, 490),
       (356, 352, 4, 439.462, 490),
       (357, 353, 2, 807.173, 900),
       (358, 354, 48, 340.909, 370),
       (359, 355, 23, 113.636, 125),
       (360, 356, 21, 113.636, 125),
       (361, 357, 3, 314.41, 360),
       (362, 358, 3, 314.41, 360),
       (363, 359, 3, 314.41, 360),
       (364, 360, 3, 314.41, 360),
       (365, 361, 5, 157.205, 180),
       (366, 362, 5, 157.205, 180),
       (367, 363, 24, 259.091, 285),
       (368, 364, 5, 250, 300),
       (369, 365, 1, 698.69, 800),
       (370, 366, 2, 698.69, 800),
       (371, 367, 2, 698.69, 800),
       (372, 368, 3, 666.66, 800),
       (373, 369, 5, 416.66, 500),
       (374, 370, 5, 269.05, 300),
       (375, 371, 5, 313.9, 350),
       (376, 372, 5, 313.9, 350),
       (377, 373, 3, 333.33, 400),
       (378, 374, 5, 416.66, 500),
       (379, 375, 2, 502.18, 575),
       (380, 376, 2, 502.18, 575),
       (381, 377, 2, 502.18, 575),
       (382, 378, 2, 502.18, 575),
       (383, 379, 3, 314.41, 360),
       (384, 380, 2, 314.41, 360),
       (385, 381, 3, 314.41, 360),
       (386, 382, 3, 314.41, 360),
       (387, 383, 2, 487.5, 585),
       (388, 384, 2, 479.16, 575),
       (389, 385, 3, 921.39, 1055),
       (390, 386, 3, 598.25, 685),
       (391, 387, 2, 563.32, 645),
       (392, 388, 5, 524.018, 600),
       (393, 389, 4, 173.8, 199),
       (394, 390, 5, 270.742, 310),
       (395, 391, 5, 618.182, 680),
       (396, 392, 5, 618.182, 680),
       (397, 393, 5, 618.182, 665),
       (398, 394, 5, 618.182, 680),
       (399, 395, 3, 566.66, 680),
       (400, 396, 3, 312.5, 375),
       (401, 397, 2, 666.665, 800),
       (402, 398, 2, 666.665, 800),
       (403, 399, 3, 558.33, 670),
       (404, 400, 3, 666.66, 800),
       (405, 401, 4, 483.33, 580),
       (406, 402, 3, 376.88, 450),
       (407, 403, 3, 376.88, 450),
       (408, 404, 2, 670.015, 800),
       (409, 405, 2, 670.015, 800),
       (410, 406, 2, 670.015, 800),
       (411, 407, 6, 448.43, 500),
       (412, 408, 6, 448.43, 500),
       (413, 409, 2, 916.665, 1100),
       (414, 410, 2, 483.335, 580),
       (415, 411, 12, 136.363, 150),
       (416, 412, 12, 254.545, 280),
       (417, 413, 22, 56.338, 60),
       (418, 414, 5, 328.638, 350),
       (419, 415, 4, 713.616, 760),
       (420, 416, 11, 116.28, 130),
       (421, 417, 3, 608.26, 680),
       (422, 418, 3, 608.26, 680),
       (423, 419, 1, 136, 160),
       (424, 420, 1, 136, 160),
       (425, 421, 1, 136, 160),
       (426, 422, 1, 255, 300),
       (427, 423, 1, 255, 300),
       (428, 424, 1, 255, 300),
       (429, 425, 1, 306, 360),
       (430, 426, 1, 306, 360),
       (431, 427, 3, 212.5, 250),
       (432, 428, 1, 238, 280),
       (433, 429, 1, 425, 500),
       (434, 430, 1, 238, 280),
       (435, 431, 1, 425, 500),
       (436, 432, 1, 238, 280),
       (437, 433, 1, 425, 500),
       (438, 434, 2, 221, 260),
       (439, 435, 2, 238, 280),
       (440, 436, 1, 246.5, 290),
       (441, 437, 6, 102.87, 115),
       (442, 437, 1, 0, 115),
       (443, 438, 5, 102.87, 115),
       (444, 416, 1, 0, 130),
       (445, 439, 2, 235, 305),
       (446, 440, 3, 235, 305),
       (447, 441, 2, 235, 305),
       (448, 442, 1, 245, 315),
       (449, 443, 1, 905, 1175),
       (450, 444, 2, 905, 1175),
       (451, 445, 2, 905, 1175),
       (452, 446, 1, 940, 1225),
       (453, 447, 1, 1630, 1985),
       (454, 448, 1, 320, 430),
       (455, 449, 1, 510, 690),
       (456, 450, 4, 87, 100),
       (457, 451, 3, 131, 150),
       (458, 452, 1, 307, 350),
       (459, 453, 3, 260, 300),
       (460, 454, 199, 8, 10),
       (461, 455, 5, 65, 80),
       (463, 457, 3, 328, 400),
       (464, 458, 1, 328, 400),
       (465, 459, 174, 8.158, 10),
       (466, 460, 38, 21.25, 25),
       (467, 461, 191, 4.444, 5),
       (468, 462, 150, 4, 5),
       (469, 463, 5, 128, 150),
       (470, 464, 42, 9, 10),
       (471, 465, 6, 36, 40),
       (472, 466, 10, 54, 60),
       (473, 467, 4, 90, 100),
       (474, 468, 4, 144, 160),
       (475, 469, 2, 207, 230),
       (476, 470, 9, 108, 120),
       (477, 471, 1, 225, 250),
       (478, 472, 3, 405, 450),
       (479, 473, 5, 108, 120),
       (480, 474, 24, 9, 10),
       (481, 475, 7, 18, 20),
       (482, 476, 7, 18, 20),
       (483, 477, 2, 54, 60),
       (484, 478, 2, 108, 120),
       (485, 479, 5, 63, 70),
       (486, 480, 4, 216, 240),
       (487, 481, 10, 27, 30),
       (488, 482, 22, 45, 50),
       (489, 483, 6, 90, 100),
       (490, 484, 2, 207, 230),
       (492, 486, 4, 207, 230),
       (493, 487, 24, 52.63, 60),
       (494, 488, 22, 97.07, 110),
       (495, 489, 12, 152.32, 180),
       (496, 490, 2, 314.16, 350),
       (497, 491, 2, 314.16, 350),
       (498, 492, 21, 170.67, 200),
       (499, 492, 3, 0, 200),
       (500, 493, 6, 131.24, 145),
       (501, 494, 5, 131.24, 145),
       (502, 495, 6, 131.24, 145),
       (503, 496, 6, 131.24, 145),
       (504, 494, 1, 0, 145),
       (505, 497, 19, 90.91, 100),
       (506, 498, 23, 181.82, 200),
       (507, 497, 1, 0, 100),
       (508, 498, 1, 0, 200),
       (509, 499, 11, 363.64, 390),
       (510, 500, 12, 290.91, 320),
       (511, 501, 6, 272.73, 300),
       (512, 502, 3, 527.27, 580),
       (513, 503, 24, 112.27, 125),
       (514, 503, 1, 0, 125),
       (515, 504, 23, 224.55, 250),
       (516, 504, 1, 0, 250),
       (517, 505, 9, 135.45, 150),
       (518, 506, 11, 390, 430),
       (519, 507, 2, 1298, 1750),
       (520, 508, 6, 348, 400),
       (521, 509, 11, 396, 445),
       (522, 510, 12, 129, 150),
       (523, 511, 8, 185, 210),
       (524, 512, 6, 185, 210),
       (525, 513, 7, 360, 400),
       (526, 514, 2, 986, 1235),
       (527, 515, 21.6, 153, 170),
       (528, 516, 18, 105.6, 120),
       (529, 516, 3, 0, 120),
       (530, 517, 19, 105.6, 120),
       (531, 518, 2, 181.82, 200),
       (532, 519, 2, 181.82, 200),
       (533, 520, 2, 181.82, 200),
       (534, 521, 1, 359.09, 395),
       (535, 522, 1, 359.09, 395),
       (536, 523, 1, 446.25, 525),
       (537, 524, 1, 552.5, 650),
       (538, 525, 2, 680, 800),
       (539, 526, 2, 765, 900),
       (540, 527, 11, 324, 360),
       (541, 528, 13, 369, 410),
       (542, 528, 4, 0, 410),
       (543, 529, 11, 423, 470),
       (544, 530, 49, 90, 165),
       (545, 531, 24, 99, 110),
       (546, 532, 12, 261, 290),
       (547, 533, 12, 261, 290),
       (548, 534, 12, 315, 350),
       (549, 535, 12, 315, 350),
       (550, 536, 3, 441, 490),
       (551, 537, 3, 441, 490),
       (552, 538, 6, 175, 200),
       (553, 539, 5, 218.75, 250),
       (554, 540, 6, 175, 200),
       (555, 541, 10, 261, 290),
       (556, 542, 12, 252, 280),
       (557, 543, 12, 441, 490),
       (558, 544, 12, 315, 350),
       (559, 545, 12, 162, 180),
       (560, 546, 6, 162, 180),
       (561, 547, 12, 123.9, 140),
       (562, 548, 12, 123.9, 140),
       (563, 549, 4, 0, 140),
       (564, 550, 9, 123.9, 140),
       (565, 551, 12, 123.9, 140),
       (566, 552, 5, 262.5, 300),
       (567, 553, 11, 262.5, 300),
       (568, 554, 6, 262.5, 300),
       (569, 555, 6, 262.5, 300),
       (570, 556, 3, 507.5, 580),
       (571, 557, 3, 507.5, 580),
       (572, 558, 6, 507.5, 580),
       (573, 559, 3, 507.5, 580),
       (574, 560, 3, 507.5, 580),
       (575, 561, 2, 857.5, 980),
       (576, 562, 2, 857.5, 980),
       (577, 563, 2, 962.5, 1100),
       (579, 565, 6, 644.83, 900),
       (580, 566, 4, 758.58, 900),
       (581, 567, 2, 1983.84, 2400),
       (582, 568, 6, 472.5, 580),
       (583, 569, 1, 92.88, 100),
       (584, 570, 1, 92.88, 100),
       (585, 571, 5, 92.88, 100),
       (586, 572, 6, 92.88, 100),
       (587, 573, 12, 138, 150),
       (588, 574, 11, 138, 150),
       (589, 575, 3, 188, 200),
       (590, 576, 4, 188, 200),
       (591, 577, 2, 188, 200),
       (592, 578, 3, 140, 150),
       (593, 579, 2, 140, 150),
       (595, 581, 1, 140, 150),
       (596, 582, 3, 332, 350),
       (597, 583, 2, 332, 350),
       (598, 584, 3, 332, 350),
       (599, 585, 3, 332, 350),
       (600, 586, 2, 235.42, 250),
       (601, 587, 5, 235.42, 250),
       (602, 588, 3, 235.42, 250),
       (603, 589, 10, 157, 170),
       (604, 590, 6, 205, 220),
       (605, 591, 5, 361, 380),
       (606, 592, 10, 157, 170),
       (607, 593, 12, 205, 220),
       (608, 594, 5, 361, 380),
       (609, 595, 4, 361, 380),
       (610, 596, 6, 361, 380),
       (611, 597, 3, 155.5, 175),
       (612, 598, 2, 160.9, 180),
       (613, 598, 1, 0, 180),
       (614, 599, 8, 242.15, 270),
       (615, 600, 11, 242.15, 270),
       (616, 600, 2, 0, 270),
       (617, 601, 5, 44.84, 50),
       (618, 602, 10, 44.84, 50),
       (619, 602, 1, 0, 50),
       (620, 603, 2, 1042.2, 1080),
       (621, 604, 5, 661.03, 685),
       (623, 606, 2, 708.75, 750),
       (624, 607, 3, 858.85, 890),
       (625, 608, 19, 45, 90),
       (626, 609, 11, 75.5, 130),
       (627, 610, 5, 86, 160),
       (629, 612, 153.017, 250, 300),
       (630, 613, 76.75, 275, 295),
       (631, 614, 43.5, 175, 200),
       (632, 615, 22.5, 225, 250),
       (633, 616, 10.75, 645, 760),
       (634, 617, 9.99952, 950, 1475),
       (635, 618, 24.05, 1030, 1200),
       (636, 619, 4.8, 480, 700),
       (637, 620, 9.8, 295, 700),
       (638, 621, 4.6, 1250, 1700),
       (639, 622, 4.75, 410, 700),
       (640, 623, 4.3, 295, 700),
       (641, 624, 4.7, 360, 700),
       (642, 625, 0.47, 11000, 15000),
       (643, 626, 8.35, 650, 900),
       (644, 627, 9.65208, 1130, 1900),
       (645, 628, 4.95, 560, 1100),
       (646, 629, 0.725, 3300, 5000),
       (647, 630, 98, 72.5, 120),
       (648, 631, 89, 42.5, 90),
       (649, 632, 6, 155, 175),
       (650, 633, 9.75, 510, 700),
       (651, 634, 10, 250, 400),
       (652, 635, 4.5, 1250, 1600),
       (653, 636, 19, 238, 275),
       (654, 637, 5, 550, 900),
       (655, 638, 4.8, 1250, 1400),
       (656, 639, 2.115, 185, 200),
       (657, 640, 19.86, 240, 300),
       (658, 641, 5.15, 480, 660),
       (659, 642, 17.5, 60, 60),
       (660, 643, 37, 38.5, 42),
       (661, 644, 4.596, 1550, 1800),
       (662, 645, 5, 1020, 1400),
       (663, 646, 2.855, 1850, 2300),
       (664, 647, 22, 230, 300),
       (665, 648, 10, 180, 260),
       (666, 649, 3, 180, 260),
       (667, 650, 6, 150, 220),
       (668, 651, 3, 150, 220),
       (669, 652, 6, 101.5, 150),
       (670, 653, 3, 101.5, 150),
       (671, 654, 3, 67.5, 90),
       (672, 655, 3, 67.5, 90),
       (673, 656, 3, 360, 520),
       (674, 657, 3, 360, 520),
       (675, 658, 3, 292.5, 430),
       (676, 659, 1, 210, 310),
       (677, 660, 1, 142.5, 190),
       (678, 661, 3, 105, 140),
       (679, 661, 1, 0, 140),
       (680, 662, 3, 172.5, 230),
       (681, 663, 29, 18.75, 25),
       (682, 664, 44, 30, 40),
       (683, 665, 10, 120, 160),
       (684, 666, 10, 37.5, 50),
       (685, 667, 3, 202.5, 270),
       (686, 668, 3, 157.5, 210),
       (687, 669, 42, 18.75, 25),
       (688, 670, 57.584, 397.5, 430),
       (689, 671, 19, 18.75, 25),
       (690, 672, 23, 18.75, 25),
       (691, 673, 11, 30, 40),
       (692, 674, 10, 112.5, 150),
       (693, 675, 12, 56.25, 75),
       (694, 676, 11, 75, 100),
       (695, 677, 11, 112.45, 130),
       (696, 678, 1, 207.6, 240),
       (697, 679, 22, 45, 50),
       (698, 680, 6, 225, 250),
       (699, 681, 25, 78.75, 90),
       (700, 682, 4, 201.25, 230),
       (701, 683, 12, 105.6, 120),
       (702, 684, 3, 246.4, 280),
       (703, 685, 6, 225, 250),
       (704, 686, 6, 81, 90),
       (705, 687, 6, 126, 140),
       (706, 688, 6, 180, 200),
       (707, 689, 4, 207, 230),
       (708, 690, 4, 424.8, 480),
       (709, 686, 1, 0, 90),
       (710, 691, 12, 528.3, 560),
       (711, 692, 11, 45.45, 50),
       (712, 693, 58, 22.84, 25),
       (713, 694, 10, 73.06, 80),
       (714, 695, 2, 900.47, 950),
       (715, 696, 2, 900.47, 950),
       (716, 697, 1, 786.73, 830),
       (717, 698, 1, 2252.25, 2500),
       (718, 699, 1, 2252.25, 2500),
       (719, 700, 1, 1801.8, 2000),
       (720, 701, 1, 1805.56, 1950),
       (721, 702, 1, 1805.56, 1950),
       (723, 704, 12, 56, 70),
       (724, 705, 2, 124.68, 150),
       (725, 706, 2, 124.68, 150),
       (727, 708, 26, 42.5, 50),
       (728, 709, 11, 90, 100),
       (729, 709, 1, 0, 100),
       (730, 710, 37, 75, 90),
       (731, 711, 28, 75, 90),
       (732, 712, 23, 125, 150),
       (733, 713, 24, 133, 160),
       (734, 714, 39, 41.5, 50),
       (735, 715, 33, 41.5, 50),
       (736, 716, 5, 267, 320),
       (737, 717, 6, 292, 350),
       (738, 718, 6, 382, 460),
       (739, 719, 1, 515, 620),
       (740, 720, 1, 432, 520),
       (741, 721, 2, 475, 565),
       (742, 722, 1, 680, 810),
       (743, 723, 2, 855, 1020),
       (745, 724, 2, 2650, 2695),
       (746, 725, 2, 2650, 2695),
       (747, 726, 5, 110, 140),
       (748, 727, 5, 125, 170),
       (749, 728, 5, 145, 200),
       (750, 729, 10, 60, 80),
       (751, 730, 100, 2.2, 4),
       (752, 731, 100, 4.3, 7),
       (753, 732, 1, 410, 440),
       (754, 733, 1, 640, 680),
       (755, 734, 10, 49, 50),
       (756, 735, 7, 135, 165),
       (757, 736, 9, 164, 170),
       (758, 95, 20, 28, 30),
       (759, 737, 20, 18, 20),
       (760, 735, 2, 0, 165),
       (761, 738, 4.767, 1600, 2200),
       (762, 739, 63, 7.867, 10),
       (763, 740, 31, 16, 20),
       (764, 741, 92, 3.933, 5),
       (765, 742, 39, 8, 10),
       (766, 743, 45, 7.333, 10),
       (767, 744, 20, 210, 220),
       (768, 745, 9, 210, 225),
       (769, 746, 15, 200, 210),
       (770, 747, 2, 160, 210),
       (771, 748, 3, 300, 400),
       (772, 749, 1, 500, 620),
       (773, 750, 1, 500, 620),
       (774, 751, 99, 16, 20),
       (775, 752, 4, 63, 80),
       (777, 754, 1, 240, 280),
       (778, 755, 8, 175, 225),
       (779, 756, 12, 136, 160),
       (780, 757, 3, 93.5, 110),
       (781, 758, 3, 144.5, 160),
       (782, 759, 34, 110, 160),
       (783, 759, 2, 0, 160),
       (784, 760, 35, 110, 160),
       (785, 760, 2, 0, 160),
       (786, 761, 4, 86.82, 100),
       (787, 762, 4, 35, 50),
       (790, 765, 1, 150, 170),
       (793, 768, 2, 95, 110),
       (794, 769, 4, 105, 120),
       (795, 770, 1, 270, 350),
       (796, 771, 10, 70, 100),
       (797, 772, 12, 20, 30),
       (798, 773, 2, 125, 175),
       (799, 774, 2, 100, 150),
       (800, 775, 6, 90, 120),
       (801, 776, 6, 110, 150),
       (802, 777, 100, 12, 20),
       (803, 778, 100, 4, 10),
       (804, 779, 50, 8, 15),
       (805, 780, 22, 45, 70),
       (806, 781, 24, 20, 30),
       (807, 782, 11, 50, 80),
       (808, 783, 10, 20, 35),
       (809, 784, 12, 120, 160),
       (810, 785, 12, 120, 160),
       (811, 786, 8, 55.608, 59),
       (812, 787, 7, 112.158, 119),
       (813, 788, 10, 47.875, 50),
       (814, 789, 5, 95.75, 100),
       (815, 790, 3, 263.39, 295),
       (816, 791, 1, 312.5, 350),
       (817, 792, 6, 196.43, 220),
       (818, 793, 3, 123.5, 145),
       (819, 794, 118.5, 215, 220),
       (820, 795, 8, 170, 250),
       (821, 796, 12, 35, 50),
       (822, 797, 21, 20.833, 30),
       (823, 798, 22, 13.333, 20),
       (824, 799, 9, 165, 180),
       (825, 800, 9, 60, 70),
       (826, 801, 7, 50, 60),
       (827, 802, 8, 47, 55),
       (828, 803, 9, 60, 70),
       (829, 804, 3, 89, 100),
       (830, 805, 10, 136, 150),
       (831, 806, 4, 89, 100),
       (833, 808, 2, 139.2, 150),
       (834, 809, 2, 139.25, 150),
       (835, 810, 3, 139.25, 150),
       (836, 811, 3, 91.69, 100),
       (837, 812, 1, 92.79, 100),
       (838, 813, 2, 92.79, 100),
       (839, 814, 3, 92.79, 100),
       (840, 815, 1, 235, 250),
       (841, 816, 3, 235, 250),
       (842, 817, 2, 235, 250),
       (843, 818, 3, 235, 250),
       (844, 819, 3, 235, 250),
       (845, 820, 3, 157.68, 170),
       (846, 821, 2, 235, 250),
       (847, 822, 3, 332.5, 350),
       (848, 823, 3, 332.5, 350),
       (849, 824, 3, 332.5, 350),
       (850, 825, 1, 332.5, 350),
       (851, 826, 2, 332.5, 350),
       (852, 827, 2, 185, 200),
       (853, 828, 2, 332.5, 350),
       (854, 829, 3, 185.11, 200),
       (855, 830, 20, 30, 40),
       (856, 831, 20, 35, 50),
       (857, 832, 5, 290, 350),
       (858, 833, 3, 290, 350),
       (859, 834, 8, 131.25, 160),
       (860, 835, 8, 131.25, 160),
       (861, 836, 3, 139.2, 160),
       (862, 837, 6, 147.9, 160),
       (863, 838, 3, 143.55, 165),
       (864, 839, 6, 165.3, 190),
       (865, 840, 4, 152.25, 175),
       (866, 841, 4, 147.9, 170),
       (867, 842, 4, 156.6, 180),
       (868, 843, 4, 113.1, 130),
       (869, 844, 6, 147.9, 170),
       (870, 845, 4, 147.9, 170),
       (871, 846, 4, 130.5, 150),
       (872, 847, 2, 272.8, 310),
       (873, 848, 12, 57.2, 65),
       (874, 849, 3, 216, 240),
       (875, 850, 3, 171, 190),
       (876, 851, 3, 535.5, 595),
       (877, 852, 3, 360, 400),
       (879, 854, 5, 130, 150),
       (880, 855, 5, 75, 100),
       (881, 856, 3, 625, 695),
       (882, 639, 6.58, 190, 210),
       (883, 857, 2, 204, 240),
       (884, 858, 2, 161.5, 190),
       (885, 859, 1, 272, 320),
       (886, 860, 1, 272, 320),
       (887, 861, 1, 272, 320),
       (888, 862, 1, 331.5, 390),
       (889, 863, 1, 331.5, 390),
       (890, 864, 2, 212.5, 250),
       (891, 865, 1, 204, 240),
       (892, 866, 1, 204, 240),
       (893, 867, 1, 204, 240),
       (894, 868, 1, 204, 240),
       (895, 869, 2, 212.5, 250),
       (896, 870, 2, 204, 240),
       (897, 871, 2, 204, 240),
       (898, 871, 1, 0, 240),
       (899, 872, 2, 221, 260),
       (900, 873, 2, 212.5, 250),
       (901, 874, 2, 212.5, 250),
       (902, 875, 1, 278.26, 320),
       (903, 876, 1, 278.26, 320),
       (904, 877, 1, 278.26, 320),
       (905, 878, 1, 278.26, 320),
       (906, 879, 1, 278.26, 320),
       (907, 880, 1, 278.26, 320),
       (908, 881, 10, 145.45, 160),
       (909, 882, 21, 16, 20),
       (910, 883, 3, 85, 100),
       (911, 884, 6, 210, 250),
       (912, 885, 40, 21, 60),
       (913, 886, 10, 48, 50),
       (914, 887, 5, 75.84, 79),
       (915, 888, 10.82, 870, 940),
       (916, 889, 11.485, 920, 1000),
       (917, 890, 3, 280, 350),
       (918, 891, 3, 280, 350),
       (919, 111, 3, 279, 310),
       (920, 892, 4, 270, 300),
       (921, 893, 10, 275, 285),
       (922, 894, 19, 121.19, 125),
       (923, 895, 19, 29.31, 30),
       (924, 896, 1, 420, 470),
       (925, 897, 1, 420, 470),
       (926, 898, 1, 490, 540),
       (927, 899, 2, 280, 320),
       (928, 900, 3, 230, 295),
       (929, 901, 2, 310, 320),
       (930, 902, 4, 140, 160),
       (931, 903, 3, 650, 675),
       (932, 904, 12, 50, 80),
       (933, 905, 6, 70, 90),
       (934, 703, 39, 56, 70),
       (935, 707, 5, 124.68, 150),
       (936, 906, 6, 124.68, 150),
       (937, 907, 2, 275, 320),
       (938, 310, 2, 630, 700),
       (939, 908, 2, 630, 700),
       (940, 909, 1, 53.37, 70),
       (941, 910, 2, 408, 510),
       (942, 911, 1, 440, 550),
       (943, 912, 2, 235, 300),
       (944, 913, 2, 830.95, 1000),
       (945, 914, 3, 160.44, 190),
       (946, 915, 4, 389.25, 450),
       (947, 610, 12, 84, 160),
       (948, 564, 31, 84.34, 92),
       (949, 916, 8, 275, 400),
       (950, 917, 2, 300, 350),
       (951, 918, 50, 15, 20),
       (952, 919, 9, 60, 80),
       (953, 920, 6, 146, 160),
       (954, 921, 6, 136, 150),
       (955, 807, 6, 136, 150);

-- --------------------------------------------------------

--
-- Table structure for table `user`
--

CREATE TABLE `user`
(
  `userid`       int(11) NOT NULL,
  `username`     varchar(200) NOT NULL,
  `useremail`    varchar(200) NOT NULL,
  `userpassword` varchar(200) NOT NULL,
  `role`         varchar(50)  NOT NULL
) ENGINE=InnoDB DEFAULT CHARSET=utf8mb4 COLLATE=utf8mb4_general_ci;

--
-- Dumping data for table `user`
--

INSERT INTO `user` (`userid`, `username`, `useremail`, `userpassword`, `role`)
VALUES (1, 'Salaa Admin', 'salaaadmin@gmail.com', '123456', 'Admin'),
       (14, 'User', 'salaa@gmail.com', '123', 'User');

--
-- Indexes for dumped tables
--

--
-- Indexes for table `category`
--
ALTER TABLE `category`
  ADD PRIMARY KEY (`catid`);

--
-- Indexes for table `incoming_stock`
--
ALTER TABLE `incoming_stock`
  ADD PRIMARY KEY (`id`);

--
-- Indexes for table `invoice`
--
ALTER TABLE `invoice`
  ADD PRIMARY KEY (`invoice_id`);

--
-- Indexes for table `invoice_details`
--
ALTER TABLE `invoice_details`
  ADD PRIMARY KEY (`id`);

--
-- Indexes for table `product`
--
ALTER TABLE `product`
  ADD PRIMARY KEY (`pid`);

--
-- Indexes for table `product_stock`
--
ALTER TABLE `product_stock`
  ADD PRIMARY KEY (`id`);

--
-- Indexes for table `user`
--
ALTER TABLE `user`
  ADD PRIMARY KEY (`userid`);

--
-- AUTO_INCREMENT for dumped tables
--

--
-- AUTO_INCREMENT for table `category`
--
ALTER TABLE `category`
  MODIFY `catid` int (11) NOT NULL AUTO_INCREMENT, AUTO_INCREMENT=28;

--
-- AUTO_INCREMENT for table `incoming_stock`
--
ALTER TABLE `incoming_stock`
  MODIFY `id` int (11) NOT NULL AUTO_INCREMENT, AUTO_INCREMENT=964;

--
-- AUTO_INCREMENT for table `invoice`
--
ALTER TABLE `invoice`
  MODIFY `invoice_id` int (11) NOT NULL AUTO_INCREMENT, AUTO_INCREMENT=632;

--
-- AUTO_INCREMENT for table `invoice_details`
--
ALTER TABLE `invoice_details`
  MODIFY `id` int (11) NOT NULL AUTO_INCREMENT, AUTO_INCREMENT=1586;

--
-- AUTO_INCREMENT for table `product`
--
ALTER TABLE `product`
  MODIFY `pid` int (11) NOT NULL AUTO_INCREMENT, AUTO_INCREMENT=922;

--
-- AUTO_INCREMENT for table `product_stock`
--
ALTER TABLE `product_stock`
  MODIFY `id` int (11) NOT NULL AUTO_INCREMENT, AUTO_INCREMENT=956;

--
-- AUTO_INCREMENT for table `user`
--
ALTER TABLE `user`
  MODIFY `userid` int (11) NOT NULL AUTO_INCREMENT, AUTO_INCREMENT=15;
COMMIT;

/*!40101 SET CHARACTER_SET_CLIENT=@OLD_CHARACTER_SET_CLIENT */;
/*!40101 SET CHARACTER_SET_RESULTS=@OLD_CHARACTER_SET_RESULTS */;
/*!40101 SET COLLATION_CONNECTION=@OLD_COLLATION_CONNECTION */;
